product_name,product_url,crop_guidance_url,season_classification_url,soil_guidance_url,price_catalogue_url,source_product_id,source_variant_id,retrieved_date,evidence_scope,price_terms_url,price_basis,variant_available_at_retrieval,soil_evidence_scope,water_evidence_scope,water_guidance_url,maturity_source_url,maturity_source_locator,maturity_start_basis,maturity_basis_url,disease_source_url,disease_code_key_url,disease_evidence_scope,region_source_url,region_evidence_scope,climate_evidence_scope
11105 - Liana,https://seedracks.southernexposure.com/products/liana-bean-asparagus-seed-packet,https://ask.ifas.ufl.edu/publication/HS1268,https://www.extension.umd.edu/resource/when-plant-vegetables,https://ask.ifas.ufl.edu/publication/HS1268,https://seedracks.southernexposure.com/products.json?limit=250&page=2,6493517191,20717820103,2026-10-05,"Soil and water are crop-level guidance. Maturity and disease claims refer to the named cultivar. Regional tags are supplier guidance, not local trial verification. Price is a conditional wholesale unit quote.",https://seedracks.southernexposure.com/pages/pricing,2027 season wholesale Guaranteed Sale Tier 1 unit quote; season-opening order 150-399 total packets; not a one-packet retail offer,true,"crop-level university guidance, not a cultivar soil trial","crop-level university guidance, not a cultivar irrigation trial",https://ask.ifas.ufl.edu/publication/HS1268,https://seedracks.southernexposure.com/products/liana-bean-asparagus-seed-packet,supplier product description,not explicitly established in sources reviewed,,https://seedracks.southernexposure.com/products/liana-bean-asparagus-seed-packet,,"supplier cultivar claim; no claim means unknown, not susceptible",https://seedracks.southernexposure.com/products/liana-bean-asparagus-seed-packet,"supplier tag or explicit adaptation statement, not a regional trial",crop season classification unless supplier cultivar claim is stated
13103 - Contender (Buff Valentine),https://seedracks.southernexposure.com/products/contender-buff-valentine-bean-snap-bush-seed-packet,https://extension.umn.edu/vegetables/growing-beans,https://www.extension.umd.edu/resource/when-plant-vegetables,https://extension.umn.edu/vegetables/growing-beans,https://seedracks.southernexposure.com/products.json?limit=250&page=2,6493528711,20717850247,2026-10-05,"Soil and water are crop-level guidance. Maturity and disease claims refer to the named cultivar. Regional tags are supplier guidance, not local trial verification. Price is a conditional wholesale unit quote.",https://seedracks.southernexposure.com/pages/pricing,2027 season wholesale Guaranteed Sale Tier 1 unit quote; season-opening order 150-399 total packets; not a one-packet retail offer,true,"crop-level university guidance, not a cultivar soil trial","crop-level university guidance, not a cultivar irrigation trial",https://extension.umn.edu/vegetables/growing-beans,https://seedracks.southernexposure.com/products/contender-buff-valentine-bean-snap-bush-seed-packet,supplier product description,not explicitly established in sources reviewed,,https://seedracks.southernexposure.com/products/contender-buff-valentine-bean-snap-bush-seed-packet,,"supplier cultivar claim; no claim means unknown, not susceptible",https://seedracks.southernexposure.com/products/contender-buff-valentine-bean-snap-bush-seed-packet,"supplier tag or explicit adaptation statement, not a regional trial",crop season classification unless supplier cultivar claim is stated
13104 - Blue Lake Bush (Blue Lake 274),https://seedracks.southernexposure.com/products/blue-lake-bush-bean-snap-bush-seed-packet,https://extension.umn.edu/vegetables/growing-beans,https://www.extension.umd.edu/resource/when-plant-vegetables,https://extension.umn.edu/vegetables/growing-beans,https://seedracks.southernexposure.com/products.json?limit=250&page=2,6493537671,20717883271,2026-10-05,"Soil and water are crop-level guidance. Maturity and disease claims refer to the named cultivar. Regional tags are supplier guidance, not local trial verification. Price is a conditional wholesale unit quote.",https://seedracks.southernexposure.com/pages/pricing,2027 season wholesale Guaranteed Sale Tier 1 unit quote; season-opening order 150-399 total packets; not a one-packet retail offer,true,"crop-level university guidance, not a cultivar soil trial","crop-level university guidance, not a cultivar irrigation trial",https://extension.umn.edu/vegetables/growing-beans,https://seedracks.southernexposure.com/products/blue-lake-bush-bean-snap-bush-seed-packet,supplier product description,not explicitly established in sources reviewed,,https://seedracks.southernexposure.com/products/blue-lake-bush-bean-snap-bush-seed-packet,,"supplier cultivar claim; no claim means unknown, not susceptible",https://seedracks.southernexposure.com/products/blue-lake-bush-bean-snap-bush-seed-packet,"supplier tag or explicit adaptation statement, not a regional trial",crop season classification unless supplier cultivar claim is stated
13110 - Provider,https://seedracks.southernexposure.com/products/provider-bean-snap-bush-seed-packet,https://extension.umn.edu/vegetables/growing-beans,https://www.extension.umd.edu/resource/when-plant-vegetables,https://extension.umn.edu/vegetables/growing-beans,https://seedracks.southernexposure.com/products.json?limit=250&page=2,6493540423,20717890247,2026-10-05,"Soil and water are crop-level guidance. Maturity and disease claims refer to the named cultivar. Regional tags are supplier guidance, not local trial verification. Price is a conditional wholesale unit quote.",https://seedracks.southernexposure.com/pages/pricing,2027 season wholesale Guaranteed Sale Tier 1 unit quote; season-opening order 150-399 total packets; not a one-packet retail offer,true,"crop-level university guidance, not a cultivar soil trial","crop-level university guidance, not a cultivar irrigation trial",https://extension.umn.edu/vegetables/growing-beans,https://seedracks.southernexposure.com/products/provider-bean-snap-bush-seed-packet,supplier product description,not explicitly established in sources reviewed,,https://seedracks.southernexposure.com/products/provider-bean-snap-bush-seed-packet,,"supplier cultivar claim; no claim means unknown, not susceptible",https://seedracks.southernexposure.com/products/provider-bean-snap-bush-seed-packet,"supplier tag or explicit adaptation statement, not a regional trial",crop season classification unless supplier cultivar claim is stated
13201 - Maxibel,https://seedracks.southernexposure.com/products/maxibel-french-filet-bean,https://extension.umn.edu/vegetables/growing-beans,https://www.extension.umd.edu/resource/when-plant-vegetables,https://extension.umn.edu/vegetables/growing-beans,https://seedracks.southernexposure.com/products.json?limit=250&page=2,6494627399,20720488135,2026-10-05,"Soil and water are crop-level guidance. Maturity and disease claims refer to the named cultivar. Regional tags are supplier guidance, not local trial verification. Price is a conditional wholesale unit quote.",https://seedracks.southernexposure.com/pages/pricing,2027 season wholesale Guaranteed Sale Tier 1 unit quote; season-opening order 150-399 total packets; not a one-packet retail offer,true,"crop-level university guidance, not a cultivar soil trial","crop-level university guidance, not a cultivar irrigation trial",https://extension.umn.edu/vegetables/growing-beans,https://seedracks.southernexposure.com/products/maxibel-french-filet-bean,supplier product description,not explicitly established in sources reviewed,,https://seedracks.southernexposure.com/products/maxibel-french-filet-bean,,"supplier cultivar claim; no claim means unknown, not susceptible",https://seedracks.southernexposure.com/products/maxibel-french-filet-bean,"supplier tag or explicit adaptation statement, not a regional trial",crop season classification unless supplier cultivar claim is stated
13302 - Gold Rush Yellow Wax,https://seedracks.southernexposure.com/products/13302-gold-rush-yellow-wax,https://extension.umn.edu/vegetables/growing-beans,https://www.extension.umd.edu/resource/when-plant-vegetables,https://extension.umn.edu/vegetables/growing-beans,https://seedracks.southernexposure.com/products.json?limit=250&page=2,4390357303363,31367426900035,2026-10-05,"Soil and water are crop-level guidance. Maturity and disease claims refer to the named cultivar. Regional tags are supplier guidance, not local trial verification. Price is a conditional wholesale unit quote.",https://seedracks.southernexposure.com/pages/pricing,2027 season wholesale Guaranteed Sale Tier 1 unit quote; season-opening order 150-399 total packets; not a one-packet retail offer,true,"crop-level university guidance, not a cultivar soil trial","crop-level university guidance, not a cultivar irrigation trial",https://extension.umn.edu/vegetables/growing-beans,https://seedracks.southernexposure.com/products/13302-gold-rush-yellow-wax,supplier product description,not explicitly established in sources reviewed,,https://seedracks.southernexposure.com/products/13302-gold-rush-yellow-wax,,"supplier cultivar claim; no claim means unknown, not susceptible",https://seedracks.southernexposure.com/products/13302-gold-rush-yellow-wax,"supplier tag or explicit adaptation statement, not a regional trial",crop season classification unless supplier cultivar claim is stated
13351 - Royalty Purple Pod,https://seedracks.southernexposure.com/products/royalty-purple-pod-bean-snap-bush-seed-packet,https://extension.umn.edu/vegetables/growing-beans,https://www.extension.umd.edu/resource/when-plant-vegetables,https://extension.umn.edu/vegetables/growing-beans,https://seedracks.southernexposure.com/products.json?limit=250&page=2,6493542279,20717894791,2026-10-05,"Soil and water are crop-level guidance. Maturity and disease claims refer to the named cultivar. Regional tags are supplier guidance, not local trial verification. Price is a conditional wholesale unit quote.",https://seedracks.southernexposure.com/pages/pricing,2027 season wholesale Guaranteed Sale Tier 1 unit quote; season-opening order 150-399 total packets; not a one-packet retail offer,true,"crop-level university guidance, not a cultivar soil trial","crop-level university guidance, not a cultivar irrigation trial",https://extension.umn.edu/vegetables/growing-beans,https://seedracks.southernexposure.com/products/royalty-purple-pod-bean-snap-bush-seed-packet,supplier product description,not explicitly established in sources reviewed,,https://seedracks.southernexposure.com/products/royalty-purple-pod-bean-snap-bush-seed-packet,,"supplier cultivar claim; no claim means unknown, not susceptible",https://seedracks.southernexposure.com/products/royalty-purple-pod-bean-snap-bush-seed-packet,"supplier tag or explicit adaptation statement, not a regional trial",crop season classification unless supplier cultivar claim is stated
13402 - Jacob's Cattle (Trout),https://seedracks.southernexposure.com/products/jacobs-cattle-trout-bean-soup-baking-dry-bush-seed-packet,https://extension.umn.edu/vegetables/growing-beans,https://www.extension.umd.edu/resource/when-plant-vegetables,https://extension.umn.edu/vegetables/growing-beans,https://seedracks.southernexposure.com/products.json?limit=250&page=2,6494591559,20720429511,2026-10-05,"Soil and water are crop-level guidance. Maturity and disease claims refer to the named cultivar. Regional tags are supplier guidance, not local trial verification. Price is a conditional wholesale unit quote.",https://seedracks.southernexposure.com/pages/pricing,2027 season wholesale Guaranteed Sale Tier 1 unit quote; season-opening order 150-399 total packets; not a one-packet retail offer,true,"crop-level university guidance, not a cultivar soil trial","crop-level university guidance, not a cultivar irrigation trial",https://extension.umn.edu/vegetables/growing-beans,https://seedracks.southernexposure.com/products/jacobs-cattle-trout-bean-soup-baking-dry-bush-seed-packet,supplier product description,not explicitly established in sources reviewed,,https://seedracks.southernexposure.com/products/jacobs-cattle-trout-bean-soup-baking-dry-bush-seed-packet,,"supplier cultivar claim; no claim means unknown, not susceptible",https://seedracks.southernexposure.com/products/jacobs-cattle-trout-bean-soup-baking-dry-bush-seed-packet,"supplier tag or explicit adaptation statement, not a regional trial",crop season classification unless supplier cultivar claim is stated
13407 - Black Turtle,https://seedracks.southernexposure.com/products/black-turtle-bean-soup-seed-packet,https://extension.umn.edu/vegetables/growing-beans,https://www.extension.umd.edu/resource/when-plant-vegetables,https://extension.umn.edu/vegetables/growing-beans,https://seedracks.southernexposure.com/products.json?limit=250&page=2,6494576391,20720399175,2026-10-05,"Soil and water are crop-level guidance. Maturity and disease claims refer to the named cultivar. Regional tags are supplier guidance, not local trial verification. Price is a conditional wholesale unit quote.",https://seedracks.southernexposure.com/pages/pricing,2027 season wholesale Guaranteed Sale Tier 1 unit quote; season-opening order 150-399 total packets; not a one-packet retail offer,true,"crop-level university guidance, not a cultivar soil trial","crop-level university guidance, not a cultivar irrigation trial",https://extension.umn.edu/vegetables/growing-beans,https://seedracks.southernexposure.com/products/black-turtle-bean-soup-seed-packet,supplier product description,not explicitly established in sources reviewed,,https://seedracks.southernexposure.com/products/black-turtle-bean-soup-seed-packet,,"supplier cultivar claim; no claim means unknown, not susceptible",https://seedracks.southernexposure.com/products/black-turtle-bean-soup-seed-packet,"supplier tag or explicit adaptation statement, not a regional trial",crop season classification unless supplier cultivar claim is stated
13503 - Kentucky Wonder (Old Homestead),https://seedracks.southernexposure.com/products/kentucky-wonder-old-homestead-bean-snap-pole-seed-packet,https://extension.umn.edu/vegetables/growing-beans,https://www.extension.umd.edu/resource/when-plant-vegetables,https://extension.umn.edu/vegetables/growing-beans,https://seedracks.southernexposure.com/products.json?limit=250&page=1,6493543495,20717896519,2026-10-05,"Soil and water are crop-level guidance. Maturity and disease claims refer to the named cultivar. Regional tags are supplier guidance, not local trial verification. Price is a conditional wholesale unit quote.",https://seedracks.southernexposure.com/pages/pricing,2027 season wholesale Guaranteed Sale Tier 1 unit quote; season-opening order 150-399 total packets; not a one-packet retail offer,true,"crop-level university guidance, not a cultivar soil trial","crop-level university guidance, not a cultivar irrigation trial",https://extension.umn.edu/vegetables/growing-beans,https://seedracks.southernexposure.com/products/kentucky-wonder-old-homestead-bean-snap-pole-seed-packet,supplier product description,not explicitly established in sources reviewed,,https://seedracks.southernexposure.com/products/kentucky-wonder-old-homestead-bean-snap-pole-seed-packet,,"supplier cultivar claim; no claim means unknown, not susceptible",https://seedracks.southernexposure.com/products/kentucky-wonder-old-homestead-bean-snap-pole-seed-packet,"supplier tag or explicit adaptation statement, not a regional trial",crop season classification unless supplier cultivar claim is stated
31101 - Chioggia (Dolce Di Chioggia),https://seedracks.southernexposure.com/products/chioggia-dolce-di-chioggia-beet-striped-seed-packet,https://www.extension.umd.edu/resource/growing-beets-home-garden,https://www.extension.umd.edu/resource/when-plant-vegetables,https://extension.usu.edu/yardandgarden/research/beets-in-the-garden,https://seedracks.southernexposure.com/products.json?limit=250&page=2,6493562631,20717952071,2026-10-05,"Soil and water are crop-level guidance. Maturity and disease claims refer to the named cultivar. Regional tags are supplier guidance, not local trial verification. Price is a conditional wholesale unit quote.",https://seedracks.southernexposure.com/pages/pricing,2027 season wholesale Guaranteed Sale Tier 1 unit quote; season-opening order 150-399 total packets; not a one-packet retail offer,true,"crop-level university guidance, not a cultivar soil trial","crop-level university guidance, not a cultivar irrigation trial",https://www.extension.umd.edu/resource/growing-beets-home-garden,https://seedracks.southernexposure.com/products/chioggia-dolce-di-chioggia-beet-striped-seed-packet,supplier product description,not explicitly established in sources reviewed,,https://seedracks.southernexposure.com/products/chioggia-dolce-di-chioggia-beet-striped-seed-packet,,"supplier cultivar claim; no claim means unknown, not susceptible",https://seedracks.southernexposure.com/products/chioggia-dolce-di-chioggia-beet-striped-seed-packet,"supplier tag or explicit adaptation statement, not a regional trial",crop season classification unless supplier cultivar claim is stated
31103 - Detroit Dark Red,https://seedracks.southernexposure.com/products/detroit-dark-red-beet,https://www.extension.umd.edu/resource/growing-beets-home-garden,https://www.extension.umd.edu/resource/when-plant-vegetables,https://extension.usu.edu/yardandgarden/research/beets-in-the-garden,https://seedracks.southernexposure.com/products.json?limit=250&page=2,6493576071,20717993671,2026-10-05,"Soil and water are crop-level guidance. Maturity and disease claims refer to the named cultivar. Regional tags are supplier guidance, not local trial verification. Price is a conditional wholesale unit quote.",https://seedracks.southernexposure.com/pages/pricing,2027 season wholesale Guaranteed Sale Tier 1 unit quote; season-opening order 150-399 total packets; not a one-packet retail offer,true,"crop-level university guidance, not a cultivar soil trial","crop-level university guidance, not a cultivar irrigation trial",https://www.extension.umd.edu/resource/growing-beets-home-garden,https://seedracks.southernexposure.com/products/detroit-dark-red-beet,supplier product description,not explicitly established in sources reviewed,,https://seedracks.southernexposure.com/products/detroit-dark-red-beet,,"supplier cultivar claim; no claim means unknown, not susceptible",https://seedracks.southernexposure.com/products/detroit-dark-red-beet,"supplier tag or explicit adaptation statement, not a regional trial",crop season classification unless supplier cultivar claim is stated
31104 - Early Wonder Tall Top,https://seedracks.southernexposure.com/products/early-wonder-tall-top-beet,https://www.extension.umd.edu/resource/growing-beets-home-garden,https://www.extension.umd.edu/resource/when-plant-vegetables,https://extension.usu.edu/yardandgarden/research/beets-in-the-garden,https://seedracks.southernexposure.com/products.json?limit=250&page=2,6493577543,20717998087,2026-10-05,"Soil and water are crop-level guidance. Maturity and disease claims refer to the named cultivar. Regional tags are supplier guidance, not local trial verification. Price is a conditional wholesale unit quote.",https://seedracks.southernexposure.com/pages/pricing,2027 season wholesale Guaranteed Sale Tier 1 unit quote; season-opening order 150-399 total packets; not a one-packet retail offer,true,"crop-level university guidance, not a cultivar soil trial","crop-level university guidance, not a cultivar irrigation trial",https://www.extension.umd.edu/resource/growing-beets-home-garden,https://seedracks.southernexposure.com/products/early-wonder-tall-top-beet,supplier product description,not explicitly established in sources reviewed,,https://seedracks.southernexposure.com/products/early-wonder-tall-top-beet,,"supplier cultivar claim; no claim means unknown, not susceptible",https://seedracks.southernexposure.com/products/early-wonder-tall-top-beet,"supplier tag or explicit adaptation statement, not a regional trial",crop season classification unless supplier cultivar claim is stated
31105 - Lutz Green Leaf (Winter Keeper),https://seedracks.southernexposure.com/products/lutz-green-leaf-winter-keeper-beet-seed-packet,https://www.extension.umd.edu/resource/growing-beets-home-garden,https://www.extension.umd.edu/resource/when-plant-vegetables,https://extension.usu.edu/yardandgarden/research/beets-in-the-garden,https://seedracks.southernexposure.com/products.json?limit=250&page=2,6494592263,20720430535,2026-10-05,"Soil and water are crop-level guidance. Maturity and disease claims refer to the named cultivar. Regional tags are supplier guidance, not local trial verification. Price is a conditional wholesale unit quote.",https://seedracks.southernexposure.com/pages/pricing,2027 season wholesale Guaranteed Sale Tier 1 unit quote; season-opening order 150-399 total packets; not a one-packet retail offer,true,"crop-level university guidance, not a cultivar soil trial","crop-level university guidance, not a cultivar irrigation trial",https://www.extension.umd.edu/resource/growing-beets-home-garden,https://seedracks.southernexposure.com/products/lutz-green-leaf-winter-keeper-beet-seed-packet,supplier product description,not explicitly established in sources reviewed,,https://seedracks.southernexposure.com/products/lutz-green-leaf-winter-keeper-beet-seed-packet,,"supplier cultivar claim; no claim means unknown, not susceptible",https://seedracks.southernexposure.com/products/lutz-green-leaf-winter-keeper-beet-seed-packet,"supplier tag or explicit adaptation statement, not a regional trial",crop season classification unless supplier cultivar claim is stated
31106 - Bull's Blood,https://seedracks.southernexposure.com/products/bulls-blood-beet-seed-packet,https://www.extension.umd.edu/resource/growing-beets-home-garden,https://www.extension.umd.edu/resource/when-plant-vegetables,https://extension.usu.edu/yardandgarden/research/beets-in-the-garden,https://seedracks.southernexposure.com/products.json?limit=250&page=2,6493578055,20717998663,2026-10-05,"Soil and water are crop-level guidance. Maturity and disease claims refer to the named cultivar. Regional tags are supplier guidance, not local trial verification. Price is a conditional wholesale unit quote.",https://seedracks.southernexposure.com/pages/pricing,2027 season wholesale Guaranteed Sale Tier 1 unit quote; season-opening order 150-399 total packets; not a one-packet retail offer,true,"crop-level university guidance, not a cultivar soil trial","crop-level university guidance, not a cultivar irrigation trial",https://www.extension.umd.edu/resource/growing-beets-home-garden,https://seedracks.southernexposure.com/products/bulls-blood-beet-seed-packet,supplier product description,not explicitly established in sources reviewed,,https://seedracks.southernexposure.com/products/bulls-blood-beet-seed-packet,,"supplier cultivar claim; no claim means unknown, not susceptible",https://seedracks.southernexposure.com/products/bulls-blood-beet-seed-packet,"supplier tag or explicit adaptation statement, not a regional trial",crop season classification unless supplier cultivar claim is stated
31107 - Cylindra,https://seedracks.southernexposure.com/products/cylindra-beet-seed-packet,https://www.extension.umd.edu/resource/growing-beets-home-garden,https://www.extension.umd.edu/resource/when-plant-vegetables,https://extension.usu.edu/yardandgarden/research/beets-in-the-garden,https://seedracks.southernexposure.com/products.json?limit=250&page=1,6494419207,20720015239,2026-10-05,"Soil and water are crop-level guidance. Maturity and disease claims refer to the named cultivar. Regional tags are supplier guidance, not local trial verification. Price is a conditional wholesale unit quote.",https://seedracks.southernexposure.com/pages/pricing,2027 season wholesale Guaranteed Sale Tier 1 unit quote; season-opening order 150-399 total packets; not a one-packet retail offer,true,"crop-level university guidance, not a cultivar soil trial","crop-level university guidance, not a cultivar irrigation trial",https://www.extension.umd.edu/resource/growing-beets-home-garden,https://seedracks.southernexposure.com/products/cylindra-beet-seed-packet,supplier product description,not explicitly established in sources reviewed,,https://seedracks.southernexposure.com/products/cylindra-beet-seed-packet,,"supplier cultivar claim; no claim means unknown, not susceptible",https://seedracks.southernexposure.com/products/cylindra-beet-seed-packet,"supplier tag or explicit adaptation statement, not a regional trial",crop season classification unless supplier cultivar claim is stated
35101 - Chantenay Red Core,https://seedracks.southernexposure.com/products/chantenay-red-core-carrot-seed-packet,https://extension.umn.edu/vegetables/growing-carrots-and-parsnips,https://www.extension.umd.edu/resource/when-plant-vegetables,https://seedracks.southernexposure.com/products/chantenay-red-core-carrot-seed-packet,https://seedracks.southernexposure.com/products.json?limit=250&page=2,6494434887,20720051079,2026-10-05,"Soil and water are crop-level guidance. Maturity and disease claims refer to the named cultivar. Regional tags are supplier guidance, not local trial verification. Price is a conditional wholesale unit quote.",https://seedracks.southernexposure.com/pages/pricing,2027 season wholesale Guaranteed Sale Tier 1 unit quote; season-opening order 150-399 total packets; not a one-packet retail offer,true,explicit supplier cultivar soil statement,"crop-level university guidance, not a cultivar irrigation trial",https://extension.umn.edu/vegetables/growing-carrots-and-parsnips,https://seedracks.southernexposure.com/products/chantenay-red-core-carrot-seed-packet,supplier product description,not explicitly established in sources reviewed,,https://seedracks.southernexposure.com/products/chantenay-red-core-carrot-seed-packet,,"supplier cultivar claim; no claim means unknown, not susceptible",https://seedracks.southernexposure.com/products/chantenay-red-core-carrot-seed-packet,"supplier tag or explicit adaptation statement, not a regional trial",crop season classification unless supplier cultivar claim is stated
35103 - Danvers 126,https://seedracks.southernexposure.com/products/danvers-126-carrot-seed-packet,https://extension.umn.edu/vegetables/growing-carrots-and-parsnips,https://www.extension.umd.edu/resource/when-plant-vegetables,https://seedracks.southernexposure.com/products/danvers-126-carrot-seed-packet,https://seedracks.southernexposure.com/products.json?limit=250&page=2,6494436807,20720054343,2026-10-05,"Soil and water are crop-level guidance. Maturity and disease claims refer to the named cultivar. Regional tags are supplier guidance, not local trial verification. Price is a conditional wholesale unit quote.",https://seedracks.southernexposure.com/pages/pricing,2027 season wholesale Guaranteed Sale Tier 1 unit quote; season-opening order 150-399 total packets; not a one-packet retail offer,true,explicit supplier cultivar soil statement,"crop-level university guidance, not a cultivar irrigation trial",https://extension.umn.edu/vegetables/growing-carrots-and-parsnips,https://seedracks.southernexposure.com/products/danvers-126-carrot-seed-packet,supplier product description,not explicitly established in sources reviewed,,https://seedracks.southernexposure.com/products/danvers-126-carrot-seed-packet,,"supplier cultivar claim; no claim means unknown, not susceptible",https://seedracks.southernexposure.com/products/danvers-126-carrot-seed-packet,"supplier tag or explicit adaptation statement, not a regional trial",crop-level season plus explicit supplier cultivar adaptation statement
35106 - Scarlet Nantes,https://seedracks.southernexposure.com/products/scarlet-nantes-coreless-nantes-1-2-carrot-seed-packet,https://extension.umn.edu/vegetables/growing-carrots-and-parsnips,https://www.extension.umd.edu/resource/when-plant-vegetables,https://extension.umn.edu/vegetables/growing-carrots-and-parsnips,https://seedracks.southernexposure.com/products.json?limit=250&page=2,6493618951,20718103175,2026-10-05,"Soil and water are crop-level guidance. Maturity and disease claims refer to the named cultivar. Regional tags are supplier guidance, not local trial verification. Price is a conditional wholesale unit quote.",https://seedracks.southernexposure.com/pages/pricing,2027 season wholesale Guaranteed Sale Tier 1 unit quote; season-opening order 150-399 total packets; not a one-packet retail offer,true,"crop-level university guidance, not a cultivar soil trial","crop-level university guidance, not a cultivar irrigation trial",https://extension.umn.edu/vegetables/growing-carrots-and-parsnips,https://seedracks.southernexposure.com/products/scarlet-nantes-coreless-nantes-1-2-carrot-seed-packet,supplier product description,not explicitly established in sources reviewed,,https://seedracks.southernexposure.com/products/scarlet-nantes-coreless-nantes-1-2-carrot-seed-packet,,"supplier cultivar claim; no claim means unknown, not susceptible",https://seedracks.southernexposure.com/products/scarlet-nantes-coreless-nantes-1-2-carrot-seed-packet,"supplier tag or explicit adaptation statement, not a regional trial",crop season classification unless supplier cultivar claim is stated
35108 - Imperator (Tendersweet),https://seedracks.southernexposure.com/products/imperator-tendersweet-carrot,https://extension.umn.edu/vegetables/growing-carrots-and-parsnips,https://www.extension.umd.edu/resource/when-plant-vegetables,https://seedracks.southernexposure.com/products/imperator-tendersweet-carrot,https://seedracks.southernexposure.com/products.json?limit=250&page=2,6494478279,20720214663,2026-10-05,"Soil and water are crop-level guidance. Maturity and disease claims refer to the named cultivar. Regional tags are supplier guidance, not local trial verification. Price is a conditional wholesale unit quote.",https://seedracks.southernexposure.com/pages/pricing,2027 season wholesale Guaranteed Sale Tier 1 unit quote; season-opening order 150-399 total packets; not a one-packet retail offer,true,explicit supplier cultivar soil statement,"crop-level university guidance, not a cultivar irrigation trial",https://extension.umn.edu/vegetables/growing-carrots-and-parsnips,https://seedracks.southernexposure.com/products/imperator-tendersweet-carrot,supplier product description,not explicitly established in sources reviewed,,https://seedracks.southernexposure.com/products/imperator-tendersweet-carrot,,"supplier cultivar claim; no claim means unknown, not susceptible",https://seedracks.southernexposure.com/products/imperator-tendersweet-carrot,"supplier tag or explicit adaptation statement, not a regional trial",crop season classification unless supplier cultivar claim is stated
35109 - Purple Dragon,https://seedracks.southernexposure.com/products/purple-dragon-carrot-purple-seed-packet,https://extension.umn.edu/vegetables/growing-carrots-and-parsnips,https://www.extension.umd.edu/resource/when-plant-vegetables,https://extension.umn.edu/vegetables/growing-carrots-and-parsnips,https://seedracks.southernexposure.com/products.json?limit=250&page=1,6493619527,20718103879,2026-10-05,"Soil and water are crop-level guidance. Maturity and disease claims refer to the named cultivar. Regional tags are supplier guidance, not local trial verification. Price is a conditional wholesale unit quote.",https://seedracks.southernexposure.com/pages/pricing,2027 season wholesale Guaranteed Sale Tier 1 unit quote; season-opening order 150-399 total packets; not a one-packet retail offer,true,"crop-level university guidance, not a cultivar soil trial","crop-level university guidance, not a cultivar irrigation trial",https://extension.umn.edu/vegetables/growing-carrots-and-parsnips,https://seedracks.southernexposure.com/products/purple-dragon-carrot-purple-seed-packet,supplier product description,not explicitly established in sources reviewed,,https://seedracks.southernexposure.com/products/purple-dragon-carrot-purple-seed-packet,,"supplier cultivar claim; no claim means unknown, not susceptible",https://seedracks.southernexposure.com/products/purple-dragon-carrot-purple-seed-packet,"supplier tag or explicit adaptation statement, not a regional trial",crop season classification unless supplier cultivar claim is stated
35113 - Cosmic Purple,https://seedracks.southernexposure.com/products/cosmic-purple-carrot-seed-packet,https://extension.umn.edu/vegetables/growing-carrots-and-parsnips,https://www.extension.umd.edu/resource/when-plant-vegetables,https://extension.umn.edu/vegetables/growing-carrots-and-parsnips,https://seedracks.southernexposure.com/products.json?limit=250&page=2,6494479943,20720216967,2026-10-05,"Soil and water are crop-level guidance. Maturity and disease claims refer to the named cultivar. Regional tags are supplier guidance, not local trial verification. Price is a conditional wholesale unit quote.",https://seedracks.southernexposure.com/pages/pricing,2027 season wholesale Guaranteed Sale Tier 1 unit quote; season-opening order 150-399 total packets; not a one-packet retail offer,true,"crop-level university guidance, not a cultivar soil trial","crop-level university guidance, not a cultivar irrigation trial",https://extension.umn.edu/vegetables/growing-carrots-and-parsnips,https://www.southernexposure.com/catalog/sese-catalog-2025-for-web.pdf,2025 supplier catalogue PDF p12; current product feed omits maturity,not explicitly established in sources reviewed,,https://seedracks.southernexposure.com/products/cosmic-purple-carrot-seed-packet,,"supplier cultivar claim; no claim means unknown, not susceptible",https://seedracks.southernexposure.com/products/cosmic-purple-carrot-seed-packet,"supplier tag or explicit adaptation statement, not a regional trial",crop season classification unless supplier cultivar claim is stated
35115 - Fantasia,https://seedracks.southernexposure.com/products/35115-fantasia,https://extension.umn.edu/vegetables/growing-carrots-and-parsnips,https://www.extension.umd.edu/resource/when-plant-vegetables,https://extension.umn.edu/vegetables/growing-carrots-and-parsnips,https://seedracks.southernexposure.com/products.json?limit=250&page=1,7634207604803,43135754993731,2026-10-05,"Soil and water are crop-level guidance. Maturity and disease claims refer to the named cultivar. Regional tags are supplier guidance, not local trial verification. Price is a conditional wholesale unit quote.",https://seedracks.southernexposure.com/pages/pricing,2027 season wholesale Guaranteed Sale Tier 1 unit quote; season-opening order 150-399 total packets; not a one-packet retail offer,false,"crop-level university guidance, not a cultivar soil trial","crop-level university guidance, not a cultivar irrigation trial",https://extension.umn.edu/vegetables/growing-carrots-and-parsnips,https://www.southernexposure.com/all-products/?page=4&perPage=75,"Supplier listing identifies Fantasia, item 35115, 60-90 days",not explicitly established in sources reviewed,,https://seedracks.southernexposure.com/products/35115-fantasia,,"supplier cultivar claim; no claim means unknown, not susceptible",https://seedracks.southernexposure.com/products/35115-fantasia,"supplier tag or explicit adaptation statement, not a regional trial",crop season classification unless supplier cultivar claim is stated
51101 - Ashley,https://seedracks.southernexposure.com/products/ashley-cucumber-seed-packet,https://extension.umn.edu/vegetables/growing-cucumbers,https://www.extension.umd.edu/resource/when-plant-vegetables,https://extension.umn.edu/vegetables/growing-cucumbers,https://seedracks.southernexposure.com/products.json?limit=250&page=1,6493652999,20718183879,2026-10-05,"Soil and water are crop-level guidance. Maturity and disease claims refer to the named cultivar. Regional tags are supplier guidance, not local trial verification. Price is a conditional wholesale unit quote.",https://seedracks.southernexposure.com/pages/pricing,2027 season wholesale Guaranteed Sale Tier 1 unit quote; season-opening order 150-399 total packets; not a one-packet retail offer,true,"crop-level university guidance, not a cultivar soil trial","crop-level university guidance, not a cultivar irrigation trial",https://extension.umn.edu/vegetables/growing-cucumbers,https://seedracks.southernexposure.com/products/ashley-cucumber-seed-packet,supplier product description,not explicitly established in sources reviewed,,https://seedracks.southernexposure.com/products/ashley-cucumber-seed-packet,https://www.southernexposure.com/catalog/sese-catalog-2025-for-web.pdf,supplier cultivar codes decoded using 2025 catalogue key (tomato PDF p49; cucumber PDF p17); resistance/tolerance strength not standardized,https://seedracks.southernexposure.com/products/ashley-cucumber-seed-packet,"supplier tag or explicit adaptation statement, not a regional trial",crop-level season plus explicit supplier cultivar adaptation statement
51103 - Poinsett 76,https://seedracks.southernexposure.com/products/poinsett-76-cucumber-seed-packet,https://extension.umn.edu/vegetables/growing-cucumbers,https://www.extension.umd.edu/resource/when-plant-vegetables,https://extension.umn.edu/vegetables/growing-cucumbers,https://seedracks.southernexposure.com/products.json?limit=250&page=1,6493653831,20718184839,2026-10-05,"Soil and water are crop-level guidance. Maturity and disease claims refer to the named cultivar. Regional tags are supplier guidance, not local trial verification. Price is a conditional wholesale unit quote.",https://seedracks.southernexposure.com/pages/pricing,2027 season wholesale Guaranteed Sale Tier 1 unit quote; season-opening order 150-399 total packets; not a one-packet retail offer,true,"crop-level university guidance, not a cultivar soil trial","crop-level university guidance, not a cultivar irrigation trial",https://extension.umn.edu/vegetables/growing-cucumbers,https://seedracks.southernexposure.com/products/poinsett-76-cucumber-seed-packet,supplier product description,not explicitly established in sources reviewed,,https://seedracks.southernexposure.com/products/poinsett-76-cucumber-seed-packet,https://www.southernexposure.com/catalog/sese-catalog-2025-for-web.pdf,supplier cultivar codes decoded using 2025 catalogue key (tomato PDF p49; cucumber PDF p17); resistance/tolerance strength not standardized,https://seedracks.southernexposure.com/products/poinsett-76-cucumber-seed-packet,"supplier tag or explicit adaptation statement, not a regional trial",crop season classification unless supplier cultivar claim is stated
51104 - Spacemaster,https://seedracks.southernexposure.com/products/spacemaster-cucumber-seed-packet,https://extension.umn.edu/vegetables/growing-cucumbers,https://www.extension.umd.edu/resource/when-plant-vegetables,https://extension.umn.edu/vegetables/growing-cucumbers,https://seedracks.southernexposure.com/products.json?limit=250&page=1,6493654151,20718185287,2026-10-05,"Soil and water are crop-level guidance. Maturity and disease claims refer to the named cultivar. Regional tags are supplier guidance, not local trial verification. Price is a conditional wholesale unit quote.",https://seedracks.southernexposure.com/pages/pricing,2027 season wholesale Guaranteed Sale Tier 1 unit quote; season-opening order 150-399 total packets; not a one-packet retail offer,true,"crop-level university guidance, not a cultivar soil trial","crop-level university guidance, not a cultivar irrigation trial",https://extension.umn.edu/vegetables/growing-cucumbers,https://seedracks.southernexposure.com/products/spacemaster-cucumber-seed-packet,supplier product description,not explicitly established in sources reviewed,,https://seedracks.southernexposure.com/products/spacemaster-cucumber-seed-packet,https://www.southernexposure.com/catalog/sese-catalog-2025-for-web.pdf,supplier cultivar codes decoded using 2025 catalogue key (tomato PDF p49; cucumber PDF p17); resistance/tolerance strength not standardized,https://seedracks.southernexposure.com/products/spacemaster-cucumber-seed-packet,"supplier tag or explicit adaptation statement, not a regional trial",crop season classification unless supplier cultivar claim is stated
51107 - Straight Eight,https://seedracks.southernexposure.com/products/straight-eights-cucumber-seed-packet,https://extension.umn.edu/vegetables/growing-cucumbers,https://www.extension.umd.edu/resource/when-plant-vegetables,https://extension.umn.edu/vegetables/growing-cucumbers,https://seedracks.southernexposure.com/products.json?limit=250&page=2,6494564039,20720385159,2026-10-05,"Soil and water are crop-level guidance. Maturity and disease claims refer to the named cultivar. Regional tags are supplier guidance, not local trial verification. Price is a conditional wholesale unit quote.",https://seedracks.southernexposure.com/pages/pricing,2027 season wholesale Guaranteed Sale Tier 1 unit quote; season-opening order 150-399 total packets; not a one-packet retail offer,true,"crop-level university guidance, not a cultivar soil trial","crop-level university guidance, not a cultivar irrigation trial",https://extension.umn.edu/vegetables/growing-cucumbers,https://seedracks.southernexposure.com/products/straight-eights-cucumber-seed-packet,supplier product description,not explicitly established in sources reviewed,,https://seedracks.southernexposure.com/products/straight-eights-cucumber-seed-packet,https://www.southernexposure.com/catalog/sese-catalog-2025-for-web.pdf,supplier cultivar codes decoded using 2025 catalogue key (tomato PDF p49; cucumber PDF p17); resistance/tolerance strength not standardized,https://seedracks.southernexposure.com/products/straight-eights-cucumber-seed-packet,"supplier tag or explicit adaptation statement, not a regional trial",crop season classification unless supplier cultivar claim is stated
51108 - Marketmore 76,https://seedracks.southernexposure.com/products/marketmore-76-cucumber-seed-packet,https://extension.umn.edu/vegetables/growing-cucumbers,https://www.extension.umd.edu/resource/when-plant-vegetables,https://extension.umn.edu/vegetables/growing-cucumbers,https://seedracks.southernexposure.com/products.json?limit=250&page=1,6493661127,20718199751,2026-10-05,"Soil and water are crop-level guidance. Maturity and disease claims refer to the named cultivar. Regional tags are supplier guidance, not local trial verification. Price is a conditional wholesale unit quote.",https://seedracks.southernexposure.com/pages/pricing,2027 season wholesale Guaranteed Sale Tier 1 unit quote; season-opening order 150-399 total packets; not a one-packet retail offer,true,"crop-level university guidance, not a cultivar soil trial","crop-level university guidance, not a cultivar irrigation trial",https://extension.umn.edu/vegetables/growing-cucumbers,https://seedracks.southernexposure.com/products/marketmore-76-cucumber-seed-packet,supplier product description,not explicitly established in sources reviewed,,https://seedracks.southernexposure.com/products/marketmore-76-cucumber-seed-packet,https://www.southernexposure.com/catalog/sese-catalog-2025-for-web.pdf,supplier cultivar codes decoded using 2025 catalogue key (tomato PDF p49; cucumber PDF p17); resistance/tolerance strength not standardized,https://seedracks.southernexposure.com/products/marketmore-76-cucumber-seed-packet,"supplier tag or explicit adaptation statement, not a regional trial",crop season classification unless supplier cultivar claim is stated
51502 - Edmonson,https://seedracks.southernexposure.com/products/edmonson-cucumber-pickling-seed-packet,https://extension.umn.edu/vegetables/growing-cucumbers,https://www.extension.umd.edu/resource/when-plant-vegetables,https://extension.umn.edu/vegetables/growing-cucumbers,https://seedracks.southernexposure.com/products.json?limit=250&page=1,6493648391,20718168775,2026-10-05,"Soil and water are crop-level guidance. Maturity and disease claims refer to the named cultivar. Regional tags are supplier guidance, not local trial verification. Price is a conditional wholesale unit quote.",https://seedracks.southernexposure.com/pages/pricing,2027 season wholesale Guaranteed Sale Tier 1 unit quote; season-opening order 150-399 total packets; not a one-packet retail offer,true,"crop-level university guidance, not a cultivar soil trial","crop-level university guidance, not a cultivar irrigation trial",https://extension.umn.edu/vegetables/growing-cucumbers,https://seedracks.southernexposure.com/products/edmonson-cucumber-pickling-seed-packet,supplier product description,not explicitly established in sources reviewed,,https://seedracks.southernexposure.com/products/edmonson-cucumber-pickling-seed-packet,https://www.southernexposure.com/catalog/sese-catalog-2025-for-web.pdf,supplier cultivar codes decoded using 2025 catalogue key (tomato PDF p49; cucumber PDF p17); resistance/tolerance strength not standardized,https://seedracks.southernexposure.com/products/edmonson-cucumber-pickling-seed-packet,"supplier tag or explicit adaptation statement, not a regional trial",crop season classification unless supplier cultivar claim is stated
51503 - Arkansas Little Leaf H-19,https://seedracks.southernexposure.com/products/arkansas-little-leaf-h-19-cucumber-pickling-seed-packet,https://extension.umn.edu/vegetables/growing-cucumbers,https://www.extension.umd.edu/resource/when-plant-vegetables,https://extension.umn.edu/vegetables/growing-cucumbers,https://seedracks.southernexposure.com/products.json?limit=250&page=1,6494548039,20720347079,2026-10-05,"Soil and water are crop-level guidance. Maturity and disease claims refer to the named cultivar. Regional tags are supplier guidance, not local trial verification. Price is a conditional wholesale unit quote.",https://seedracks.southernexposure.com/pages/pricing,2027 season wholesale Guaranteed Sale Tier 1 unit quote; season-opening order 150-399 total packets; not a one-packet retail offer,true,"crop-level university guidance, not a cultivar soil trial","crop-level university guidance, not a cultivar irrigation trial",https://extension.umn.edu/vegetables/growing-cucumbers,https://seedracks.southernexposure.com/products/arkansas-little-leaf-h-19-cucumber-pickling-seed-packet,supplier product description,not explicitly established in sources reviewed,,https://seedracks.southernexposure.com/products/arkansas-little-leaf-h-19-cucumber-pickling-seed-packet,https://www.southernexposure.com/catalog/sese-catalog-2025-for-web.pdf,supplier cultivar codes decoded using 2025 catalogue key (tomato PDF p49; cucumber PDF p17); resistance/tolerance strength not standardized,https://seedracks.southernexposure.com/products/arkansas-little-leaf-h-19-cucumber-pickling-seed-packet,"supplier tag or explicit adaptation statement, not a regional trial",crop season classification unless supplier cultivar claim is stated
51504 - Homemade Pickles,https://seedracks.southernexposure.com/products/homemade-pickles-cucumber-pickling-seed-packet,https://extension.umn.edu/vegetables/growing-cucumbers,https://www.extension.umd.edu/resource/when-plant-vegetables,https://extension.umn.edu/vegetables/growing-cucumbers,https://seedracks.southernexposure.com/products.json?limit=250&page=1,6493650439,20718178439,2026-10-05,"Soil and water are crop-level guidance. Maturity and disease claims refer to the named cultivar. Regional tags are supplier guidance, not local trial verification. Price is a conditional wholesale unit quote.",https://seedracks.southernexposure.com/pages/pricing,2027 season wholesale Guaranteed Sale Tier 1 unit quote; season-opening order 150-399 total packets; not a one-packet retail offer,true,"crop-level university guidance, not a cultivar soil trial","crop-level university guidance, not a cultivar irrigation trial",https://extension.umn.edu/vegetables/growing-cucumbers,https://seedracks.southernexposure.com/products/homemade-pickles-cucumber-pickling-seed-packet,supplier product description,not explicitly established in sources reviewed,,https://seedracks.southernexposure.com/products/homemade-pickles-cucumber-pickling-seed-packet,,"supplier cultivar claim; no claim means unknown, not susceptible",https://seedracks.southernexposure.com/products/homemade-pickles-cucumber-pickling-seed-packet,"supplier tag or explicit adaptation statement, not a regional trial",crop season classification unless supplier cultivar claim is stated
51505 - Lemon,https://seedracks.southernexposure.com/products/lemon-cucumber-pickling-seed-packet,https://extension.umn.edu/vegetables/growing-cucumbers,https://www.extension.umd.edu/resource/when-plant-vegetables,https://extension.umn.edu/vegetables/growing-cucumbers,https://seedracks.southernexposure.com/products.json?limit=250&page=1,6493651591,20718180615,2026-10-05,"Soil and water are crop-level guidance. Maturity and disease claims refer to the named cultivar. Regional tags are supplier guidance, not local trial verification. Price is a conditional wholesale unit quote.",https://seedracks.southernexposure.com/pages/pricing,2027 season wholesale Guaranteed Sale Tier 1 unit quote; season-opening order 150-399 total packets; not a one-packet retail offer,true,"crop-level university guidance, not a cultivar soil trial","crop-level university guidance, not a cultivar irrigation trial",https://extension.umn.edu/vegetables/growing-cucumbers,https://seedracks.southernexposure.com/products/lemon-cucumber-pickling-seed-packet,supplier product description,not explicitly established in sources reviewed,,https://seedracks.southernexposure.com/products/lemon-cucumber-pickling-seed-packet,https://www.southernexposure.com/catalog/sese-catalog-2025-for-web.pdf,supplier cultivar codes decoded using 2025 catalogue key (tomato PDF p49; cucumber PDF p17); resistance/tolerance strength not standardized,https://seedracks.southernexposure.com/products/lemon-cucumber-pickling-seed-packet,"supplier tag or explicit adaptation statement, not a regional trial",crop season classification unless supplier cultivar claim is stated
51701 - Suyo Long,https://seedracks.southernexposure.com/products/suyo-long-cucumber-asian-seed-packet,https://extension.umn.edu/vegetables/growing-cucumbers,https://www.extension.umd.edu/resource/when-plant-vegetables,https://extension.umn.edu/vegetables/growing-cucumbers,https://seedracks.southernexposure.com/products.json?limit=250&page=1,6493662279,20718202375,2026-10-05,"Soil and water are crop-level guidance. Maturity and disease claims refer to the named cultivar. Regional tags are supplier guidance, not local trial verification. Price is a conditional wholesale unit quote.",https://seedracks.southernexposure.com/pages/pricing,2027 season wholesale Guaranteed Sale Tier 1 unit quote; season-opening order 150-399 total packets; not a one-packet retail offer,true,"crop-level university guidance, not a cultivar soil trial","crop-level university guidance, not a cultivar irrigation trial",https://extension.umn.edu/vegetables/growing-cucumbers,https://seedracks.southernexposure.com/products/suyo-long-cucumber-asian-seed-packet,supplier product description,not explicitly established in sources reviewed,,https://seedracks.southernexposure.com/products/suyo-long-cucumber-asian-seed-packet,https://www.southernexposure.com/catalog/sese-catalog-2025-for-web.pdf,supplier cultivar codes decoded using 2025 catalogue key (tomato PDF p49; cucumber PDF p17); resistance/tolerance strength not standardized,https://seedracks.southernexposure.com/products/suyo-long-cucumber-asian-seed-packet,"supplier tag or explicit adaptation statement, not a regional trial",crop-level season plus explicit supplier cultivar adaptation statement
45101 - Black Beauty,https://seedracks.southernexposure.com/products/black-beauty-eggplant-seed-packet,https://extension.umn.edu/vegetables/growing-eggplant,https://www.extension.umd.edu/resource/when-plant-vegetables,https://extension.umn.edu/vegetables/growing-eggplant,https://seedracks.southernexposure.com/products.json?limit=250&page=2,6493664839,20718209863,2026-10-05,"Soil and water are crop-level guidance. Maturity and disease claims refer to the named cultivar. Regional tags are supplier guidance, not local trial verification. Price is a conditional wholesale unit quote.",https://seedracks.southernexposure.com/pages/pricing,2027 season wholesale Guaranteed Sale Tier 1 unit quote; season-opening order 150-399 total packets; not a one-packet retail offer,true,"crop-level university guidance, not a cultivar soil trial","crop-level university guidance, not a cultivar irrigation trial",https://extension.umn.edu/vegetables/growing-eggplant,https://seedracks.southernexposure.com/products/black-beauty-eggplant-seed-packet,supplier product description,after transplanting,https://www.southernexposure.com/catalog/sese-catalog-2025-for-web.pdf#page=18,https://seedracks.southernexposure.com/products/black-beauty-eggplant-seed-packet,,"supplier cultivar claim; no claim means unknown, not susceptible",https://seedracks.southernexposure.com/products/black-beauty-eggplant-seed-packet,"supplier tag or explicit adaptation statement, not a regional trial",crop season classification unless supplier cultivar claim is stated
45103 - Long Purple,https://seedracks.southernexposure.com/products/long-purple-eggplant-seed-packet,https://extension.umn.edu/vegetables/growing-eggplant,https://www.extension.umd.edu/resource/when-plant-vegetables,https://extension.umn.edu/vegetables/growing-eggplant,https://seedracks.southernexposure.com/products.json?limit=250&page=2,6493666759,20718214215,2026-10-05,"Soil and water are crop-level guidance. Maturity and disease claims refer to the named cultivar. Regional tags are supplier guidance, not local trial verification. Price is a conditional wholesale unit quote.",https://seedracks.southernexposure.com/pages/pricing,2027 season wholesale Guaranteed Sale Tier 1 unit quote; season-opening order 150-399 total packets; not a one-packet retail offer,true,"crop-level university guidance, not a cultivar soil trial","crop-level university guidance, not a cultivar irrigation trial",https://extension.umn.edu/vegetables/growing-eggplant,https://seedracks.southernexposure.com/products/long-purple-eggplant-seed-packet,supplier product description,after transplanting,https://www.southernexposure.com/catalog/sese-catalog-2025-for-web.pdf#page=18,https://seedracks.southernexposure.com/products/long-purple-eggplant-seed-packet,,"supplier cultivar claim; no claim means unknown, not susceptible",https://seedracks.southernexposure.com/products/long-purple-eggplant-seed-packet,"supplier tag or explicit adaptation statement, not a regional trial",crop season classification unless supplier cultivar claim is stated
45104 - Ping Tung Long,https://seedracks.southernexposure.com/products/ping-tung-long-eggplant-seed-packet,https://extension.umn.edu/vegetables/growing-eggplant,https://www.extension.umd.edu/resource/when-plant-vegetables,https://extension.umn.edu/vegetables/growing-eggplant,https://seedracks.southernexposure.com/products.json?limit=250&page=2,6493667911,20718217159,2026-10-05,"Soil and water are crop-level guidance. Maturity and disease claims refer to the named cultivar. Regional tags are supplier guidance, not local trial verification. Price is a conditional wholesale unit quote.",https://seedracks.southernexposure.com/pages/pricing,2027 season wholesale Guaranteed Sale Tier 1 unit quote; season-opening order 150-399 total packets; not a one-packet retail offer,true,"crop-level university guidance, not a cultivar soil trial","crop-level university guidance, not a cultivar irrigation trial",https://extension.umn.edu/vegetables/growing-eggplant,https://seedracks.southernexposure.com/products/ping-tung-long-eggplant-seed-packet,supplier product description,after transplanting,https://www.southernexposure.com/catalog/sese-catalog-2025-for-web.pdf#page=18,https://seedracks.southernexposure.com/products/ping-tung-long-eggplant-seed-packet,,"supplier cultivar claim; no claim means unknown, not susceptible",https://seedracks.southernexposure.com/products/ping-tung-long-eggplant-seed-packet,"supplier tag or explicit adaptation statement, not a regional trial",crop season classification unless supplier cultivar claim is stated
45203 - Rosita,https://seedracks.southernexposure.com/products/rosita-eggplant,https://extension.umn.edu/vegetables/growing-eggplant,https://www.extension.umd.edu/resource/when-plant-vegetables,https://extension.umn.edu/vegetables/growing-eggplant,https://seedracks.southernexposure.com/products.json?limit=250&page=2,6493680519,20718249799,2026-10-05,"Soil and water are crop-level guidance. Maturity and disease claims refer to the named cultivar. Regional tags are supplier guidance, not local trial verification. Price is a conditional wholesale unit quote.",https://seedracks.southernexposure.com/pages/pricing,2027 season wholesale Guaranteed Sale Tier 1 unit quote; season-opening order 150-399 total packets; not a one-packet retail offer,true,"crop-level university guidance, not a cultivar soil trial","crop-level university guidance, not a cultivar irrigation trial",https://extension.umn.edu/vegetables/growing-eggplant,https://seedracks.southernexposure.com/products/rosita-eggplant,supplier product description,after transplanting,https://www.southernexposure.com/catalog/sese-catalog-2025-for-web.pdf#page=18,https://seedracks.southernexposure.com/products/rosita-eggplant,,"supplier cultivar claim; no claim means unknown, not susceptible",https://seedracks.southernexposure.com/products/rosita-eggplant,"supplier tag or explicit adaptation statement, not a regional trial",crop season classification unless supplier cultivar claim is stated
45301 - Louisiana Long Green (Green Banana),https://seedracks.southernexposure.com/products/louisiana-long-green-green-banana-eggplant-seed-packet,https://extension.umn.edu/vegetables/growing-eggplant,https://www.extension.umd.edu/resource/when-plant-vegetables,https://extension.umn.edu/vegetables/growing-eggplant,https://seedracks.southernexposure.com/products.json?limit=250&page=2,6493683015,20718255815,2026-10-05,"Soil and water are crop-level guidance. Maturity and disease claims refer to the named cultivar. Regional tags are supplier guidance, not local trial verification. Price is a conditional wholesale unit quote.",https://seedracks.southernexposure.com/pages/pricing,2027 season wholesale Guaranteed Sale Tier 1 unit quote; season-opening order 150-399 total packets; not a one-packet retail offer,true,"crop-level university guidance, not a cultivar soil trial","crop-level university guidance, not a cultivar irrigation trial",https://extension.umn.edu/vegetables/growing-eggplant,https://seedracks.southernexposure.com/products/louisiana-long-green-green-banana-eggplant-seed-packet,supplier product description,after transplanting,https://www.southernexposure.com/catalog/sese-catalog-2025-for-web.pdf#page=18,https://seedracks.southernexposure.com/products/louisiana-long-green-green-banana-eggplant-seed-packet,,"supplier cultivar claim; no claim means unknown, not susceptible",https://seedracks.southernexposure.com/products/louisiana-long-green-green-banana-eggplant-seed-packet,"supplier tag or explicit adaptation statement, not a regional trial",crop season classification unless supplier cultivar claim is stated
45401 - Listada De Gandia,https://seedracks.southernexposure.com/products/listada-de-gandia-eggplant-seed-packet,https://extension.umn.edu/vegetables/growing-eggplant,https://www.extension.umd.edu/resource/when-plant-vegetables,https://extension.umn.edu/vegetables/growing-eggplant,https://seedracks.southernexposure.com/products.json?limit=250&page=1,6494483975,20720221383,2026-10-05,"Soil and water are crop-level guidance. Maturity and disease claims refer to the named cultivar. Regional tags are supplier guidance, not local trial verification. Price is a conditional wholesale unit quote.",https://seedracks.southernexposure.com/pages/pricing,2027 season wholesale Guaranteed Sale Tier 1 unit quote; season-opening order 150-399 total packets; not a one-packet retail offer,true,"crop-level university guidance, not a cultivar soil trial","crop-level university guidance, not a cultivar irrigation trial",https://extension.umn.edu/vegetables/growing-eggplant,https://seedracks.southernexposure.com/products/listada-de-gandia-eggplant-seed-packet,supplier product description,after transplanting,https://www.southernexposure.com/catalog/sese-catalog-2025-for-web.pdf#page=18,https://seedracks.southernexposure.com/products/listada-de-gandia-eggplant-seed-packet,,"supplier cultivar claim; no claim means unknown, not susceptible",https://seedracks.southernexposure.com/products/listada-de-gandia-eggplant-seed-packet,"supplier tag or explicit adaptation statement, not a regional trial",crop-level season plus explicit supplier cultivar adaptation statement
45402 - Rosa Bianca,https://seedracks.southernexposure.com/products/rosa-bianca-eggplant-seed-packet,https://extension.umn.edu/vegetables/growing-eggplant,https://www.extension.umd.edu/resource/when-plant-vegetables,https://extension.umn.edu/vegetables/growing-eggplant,https://seedracks.southernexposure.com/products.json?limit=250&page=2,6493689671,20718275143,2026-10-05,"Soil and water are crop-level guidance. Maturity and disease claims refer to the named cultivar. Regional tags are supplier guidance, not local trial verification. Price is a conditional wholesale unit quote.",https://seedracks.southernexposure.com/pages/pricing,2027 season wholesale Guaranteed Sale Tier 1 unit quote; season-opening order 150-399 total packets; not a one-packet retail offer,true,"crop-level university guidance, not a cultivar soil trial","crop-level university guidance, not a cultivar irrigation trial",https://extension.umn.edu/vegetables/growing-eggplant,https://seedracks.southernexposure.com/products/rosa-bianca-eggplant-seed-packet,supplier product description,after transplanting,https://www.southernexposure.com/catalog/sese-catalog-2025-for-web.pdf#page=18,https://seedracks.southernexposure.com/products/rosa-bianca-eggplant-seed-packet,,"supplier cultivar claim; no claim means unknown, not susceptible",https://seedracks.southernexposure.com/products/rosa-bianca-eggplant-seed-packet,"supplier tag or explicit adaptation statement, not a regional trial",crop season classification unless supplier cultivar claim is stated
11201 - Broad Windsor,https://seedracks.southernexposure.com/products/broad-windsor-bean-fava-seed-packet,https://extension.umn.edu/vegetables/growing-beans,https://www.extension.umd.edu/resource/when-plant-vegetables,https://extension.oregonstate.edu/catalog/pnw-548-winter-vegetable-production-small-farms-gardens-west-cascades,https://seedracks.southernexposure.com/products.json?limit=250&page=1,6493519495,20717828423,2026-10-05,"Soil and water are crop-level guidance. Maturity and disease claims refer to the named cultivar. Regional tags are supplier guidance, not local trial verification. Price is a conditional wholesale unit quote.",https://seedracks.southernexposure.com/pages/pricing,2027 season wholesale Guaranteed Sale Tier 1 unit quote; season-opening order 150-399 total packets; not a one-packet retail offer,true,"crop-level university guidance, not a cultivar soil trial",general fava crop characteristic from cover-crop guidance; not a culinary irrigation schedule,https://extension.usu.edu/crops/research/cover-crops-for-utah,https://seedracks.southernexposure.com/products/broad-windsor-bean-fava-seed-packet,supplier product description,not explicitly established in sources reviewed,,https://seedracks.southernexposure.com/products/broad-windsor-bean-fava-seed-packet,,"supplier cultivar claim; no claim means unknown, not susceptible",https://seedracks.southernexposure.com/products/broad-windsor-bean-fava-seed-packet,"supplier tag or explicit adaptation statement, not a regional trial",crop season classification unless supplier cultivar claim is stated
25101 - Vates,https://seedracks.southernexposure.com/products/vates-kale-seed-packet,https://www.extension.umd.edu/resource/growing-leafy-greens-home-garden,https://www.extension.umd.edu/resource/when-plant-vegetables,https://www.extension.umd.edu/resource/growing-leafy-greens-home-garden,https://seedracks.southernexposure.com/products.json?limit=250&page=1,6493808967,20718571527,2026-10-05,"Soil and water are crop-level guidance. Maturity and disease claims refer to the named cultivar. Regional tags are supplier guidance, not local trial verification. Price is a conditional wholesale unit quote.",https://seedracks.southernexposure.com/pages/pricing,2027 season wholesale Guaranteed Sale Tier 1 unit quote; season-opening order 150-399 total packets; not a one-packet retail offer,true,"crop-level university guidance, not a cultivar soil trial","crop-level university guidance, not a cultivar irrigation trial",https://www.extension.umd.edu/resource/growing-leafy-greens-home-garden,https://seedracks.southernexposure.com/products/vates-kale-seed-packet,supplier product description,not explicitly established in sources reviewed,,https://seedracks.southernexposure.com/products/vates-kale-seed-packet,,"supplier cultivar claim; no claim means unknown, not susceptible",https://seedracks.southernexposure.com/products/vates-kale-seed-packet,"supplier tag or explicit adaptation statement, not a regional trial",crop-level season plus explicit supplier cultivar adaptation statement
25102 - Red Russian,https://seedracks.southernexposure.com/products/red-russian-kale-seed-packet,https://www.extension.umd.edu/resource/growing-leafy-greens-home-garden,https://www.extension.umd.edu/resource/when-plant-vegetables,https://www.extension.umd.edu/resource/growing-leafy-greens-home-garden,https://seedracks.southernexposure.com/products.json?limit=250&page=2,6493810503,20718574471,2026-10-05,"Soil and water are crop-level guidance. Maturity and disease claims refer to the named cultivar. Regional tags are supplier guidance, not local trial verification. Price is a conditional wholesale unit quote.",https://seedracks.southernexposure.com/pages/pricing,2027 season wholesale Guaranteed Sale Tier 1 unit quote; season-opening order 150-399 total packets; not a one-packet retail offer,true,"crop-level university guidance, not a cultivar soil trial","crop-level university guidance, not a cultivar irrigation trial",https://www.extension.umd.edu/resource/growing-leafy-greens-home-garden,https://seedracks.southernexposure.com/products/red-russian-kale-seed-packet,supplier product description,not explicitly established in sources reviewed,,https://seedracks.southernexposure.com/products/red-russian-kale-seed-packet,,"supplier cultivar claim; no claim means unknown, not susceptible",https://seedracks.southernexposure.com/products/red-russian-kale-seed-packet,"supplier tag or explicit adaptation statement, not a regional trial",crop-level season plus explicit supplier cultivar adaptation statement
25106 - Lacinato (Dinosaur),https://seedracks.southernexposure.com/products/lacinato-dinosaur-kale-seed-packet,https://www.extension.umd.edu/resource/growing-leafy-greens-home-garden,https://www.extension.umd.edu/resource/when-plant-vegetables,https://www.extension.umd.edu/resource/growing-leafy-greens-home-garden,https://seedracks.southernexposure.com/products.json?limit=250&page=2,6493814471,20718582983,2026-10-05,"Soil and water are crop-level guidance. Maturity and disease claims refer to the named cultivar. Regional tags are supplier guidance, not local trial verification. Price is a conditional wholesale unit quote.",https://seedracks.southernexposure.com/pages/pricing,2027 season wholesale Guaranteed Sale Tier 1 unit quote; season-opening order 150-399 total packets; not a one-packet retail offer,true,"crop-level university guidance, not a cultivar soil trial","crop-level university guidance, not a cultivar irrigation trial",https://www.extension.umd.edu/resource/growing-leafy-greens-home-garden,https://seedracks.southernexposure.com/products/lacinato-dinosaur-kale-seed-packet,supplier product description,not explicitly established in sources reviewed,,https://seedracks.southernexposure.com/products/lacinato-dinosaur-kale-seed-packet,,"supplier cultivar claim; no claim means unknown, not susceptible",https://seedracks.southernexposure.com/products/lacinato-dinosaur-kale-seed-packet,"supplier tag or explicit adaptation statement, not a regional trial",crop season classification unless supplier cultivar claim is stated
25109 - Lacinato Rainbow Mix,https://seedracks.southernexposure.com/products/lacinato-rainbow-mix-kale-seed-packet,https://www.extension.umd.edu/resource/growing-leafy-greens-home-garden,https://www.extension.umd.edu/resource/when-plant-vegetables,https://www.extension.umd.edu/resource/growing-leafy-greens-home-garden,https://seedracks.southernexposure.com/products.json?limit=250&page=2,6494531719,20720319175,2026-10-05,"Soil and water are crop-level guidance. Maturity and disease claims refer to the named cultivar. Regional tags are supplier guidance, not local trial verification. Price is a conditional wholesale unit quote.",https://seedracks.southernexposure.com/pages/pricing,2027 season wholesale Guaranteed Sale Tier 1 unit quote; season-opening order 150-399 total packets; not a one-packet retail offer,false,"crop-level university guidance, not a cultivar soil trial","crop-level university guidance, not a cultivar irrigation trial",https://www.extension.umd.edu/resource/growing-leafy-greens-home-garden,https://seedracks.southernexposure.com/products/lacinato-rainbow-mix-kale-seed-packet,supplier product description,not explicitly established in sources reviewed,,https://seedracks.southernexposure.com/products/lacinato-rainbow-mix-kale-seed-packet,,"supplier cultivar claim; no claim means unknown, not susceptible",https://seedracks.southernexposure.com/products/lacinato-rainbow-mix-kale-seed-packet,"supplier tag or explicit adaptation statement, not a regional trial",crop-level season plus explicit supplier cultivar adaptation statement
62102 - Black-Seeded Simpson,https://seedracks.southernexposure.com/products/black-seeded-simpson-lettuce-looseleaf-seed-packet,https://extension.umn.edu/vegetables/growing-lettuce-endive-and-radicchio,https://www.extension.umd.edu/resource/when-plant-vegetables,https://extension.umn.edu/vegetables/growing-lettuce-endive-and-radicchio,https://seedracks.southernexposure.com/products.json?limit=250&page=1,6493912711,20718836743,2026-10-05,"Soil and water are crop-level guidance. Maturity and disease claims refer to the named cultivar. Regional tags are supplier guidance, not local trial verification. Price is a conditional wholesale unit quote.",https://seedracks.southernexposure.com/pages/pricing,2027 season wholesale Guaranteed Sale Tier 1 unit quote; season-opening order 150-399 total packets; not a one-packet retail offer,true,"crop-level university guidance, not a cultivar soil trial","crop-level university guidance, not a cultivar irrigation trial",https://extension.umn.edu/vegetables/growing-lettuce-endive-and-radicchio,https://seedracks.southernexposure.com/products/black-seeded-simpson-lettuce-looseleaf-seed-packet,supplier product description,from direct seeding,https://www.southernexposure.com/catalog/sese-catalog-2025-for-web.pdf#page=27,https://seedracks.southernexposure.com/products/black-seeded-simpson-lettuce-looseleaf-seed-packet,,"supplier cultivar claim; no claim means unknown, not susceptible",https://seedracks.southernexposure.com/products/black-seeded-simpson-lettuce-looseleaf-seed-packet,"supplier tag or explicit adaptation statement, not a regional trial",crop-level season plus explicit supplier cultivar adaptation statement
62103 - Deer Tongue (Matchless),https://seedracks.southernexposure.com/products/deer-tongue-matchless-lettuce-looseleaf-seed-packet,https://extension.umn.edu/vegetables/growing-lettuce-endive-and-radicchio,https://www.extension.umd.edu/resource/when-plant-vegetables,https://extension.umn.edu/vegetables/growing-lettuce-endive-and-radicchio,https://seedracks.southernexposure.com/products.json?limit=250&page=1,6493912967,20718837191,2026-10-05,"Soil and water are crop-level guidance. Maturity and disease claims refer to the named cultivar. Regional tags are supplier guidance, not local trial verification. Price is a conditional wholesale unit quote.",https://seedracks.southernexposure.com/pages/pricing,2027 season wholesale Guaranteed Sale Tier 1 unit quote; season-opening order 150-399 total packets; not a one-packet retail offer,true,"crop-level university guidance, not a cultivar soil trial","crop-level university guidance, not a cultivar irrigation trial",https://extension.umn.edu/vegetables/growing-lettuce-endive-and-radicchio,https://seedracks.southernexposure.com/products/deer-tongue-matchless-lettuce-looseleaf-seed-packet,supplier product description,from direct seeding,https://www.southernexposure.com/catalog/sese-catalog-2025-for-web.pdf#page=27,https://seedracks.southernexposure.com/products/deer-tongue-matchless-lettuce-looseleaf-seed-packet,,"supplier cultivar claim; no claim means unknown, not susceptible",https://seedracks.southernexposure.com/products/deer-tongue-matchless-lettuce-looseleaf-seed-packet,"supplier tag or explicit adaptation statement, not a regional trial",crop season classification unless supplier cultivar claim is stated
62107 - Red Sails,https://seedracks.southernexposure.com/products/red-sails-lettuce-looseleaf-seed-packet,https://extension.umn.edu/vegetables/growing-lettuce-endive-and-radicchio,https://www.extension.umd.edu/resource/when-plant-vegetables,https://extension.umn.edu/vegetables/growing-lettuce-endive-and-radicchio,https://seedracks.southernexposure.com/products.json?limit=250&page=1,6493924935,20718866503,2026-10-05,"Soil and water are crop-level guidance. Maturity and disease claims refer to the named cultivar. Regional tags are supplier guidance, not local trial verification. Price is a conditional wholesale unit quote.",https://seedracks.southernexposure.com/pages/pricing,2027 season wholesale Guaranteed Sale Tier 1 unit quote; season-opening order 150-399 total packets; not a one-packet retail offer,true,"crop-level university guidance, not a cultivar soil trial","crop-level university guidance, not a cultivar irrigation trial",https://extension.umn.edu/vegetables/growing-lettuce-endive-and-radicchio,https://seedracks.southernexposure.com/products/red-sails-lettuce-looseleaf-seed-packet,supplier product description,from direct seeding,https://www.southernexposure.com/catalog/sese-catalog-2025-for-web.pdf#page=27,https://seedracks.southernexposure.com/products/red-sails-lettuce-looseleaf-seed-packet,,"supplier cultivar claim; no claim means unknown, not susceptible",https://seedracks.southernexposure.com/products/red-sails-lettuce-looseleaf-seed-packet,"supplier tag or explicit adaptation statement, not a regional trial",crop season classification unless supplier cultivar claim is stated
62110 - Thai Oakleaf (Thai 88),https://seedracks.southernexposure.com/products/thai-oakleaf-88-thai-88-lettuce-looseleaf-seed-packet,https://extension.umn.edu/vegetables/growing-lettuce-endive-and-radicchio,https://www.extension.umd.edu/resource/when-plant-vegetables,https://extension.umn.edu/vegetables/growing-lettuce-endive-and-radicchio,https://seedracks.southernexposure.com/products.json?limit=250&page=1,6493929991,20718886663,2026-10-05,"Soil and water are crop-level guidance. Maturity and disease claims refer to the named cultivar. Regional tags are supplier guidance, not local trial verification. Price is a conditional wholesale unit quote.",https://seedracks.southernexposure.com/pages/pricing,2027 season wholesale Guaranteed Sale Tier 1 unit quote; season-opening order 150-399 total packets; not a one-packet retail offer,true,"crop-level university guidance, not a cultivar soil trial","crop-level university guidance, not a cultivar irrigation trial",https://extension.umn.edu/vegetables/growing-lettuce-endive-and-radicchio,https://seedracks.southernexposure.com/products/thai-oakleaf-88-thai-88-lettuce-looseleaf-seed-packet,supplier product description,from direct seeding,https://www.southernexposure.com/catalog/sese-catalog-2025-for-web.pdf#page=27,https://seedracks.southernexposure.com/products/thai-oakleaf-88-thai-88-lettuce-looseleaf-seed-packet,,"supplier cultivar claim; no claim means unknown, not susceptible",https://seedracks.southernexposure.com/products/thai-oakleaf-88-thai-88-lettuce-looseleaf-seed-packet,"supplier tag or explicit adaptation statement, not a regional trial",crop-level season plus explicit supplier cultivar adaptation statement
62112 - Sweet Valentine,https://seedracks.southernexposure.com/products/sweet-valentine-lettuce-romaine-seed-packet,https://extension.umn.edu/vegetables/growing-lettuce-endive-and-radicchio,https://www.extension.umd.edu/resource/when-plant-vegetables,https://extension.umn.edu/vegetables/growing-lettuce-endive-and-radicchio,https://seedracks.southernexposure.com/products.json?limit=250&page=1,6493933383,20718896775,2026-10-05,"Soil and water are crop-level guidance. Maturity and disease claims refer to the named cultivar. Regional tags are supplier guidance, not local trial verification. Price is a conditional wholesale unit quote.",https://seedracks.southernexposure.com/pages/pricing,2027 season wholesale Guaranteed Sale Tier 1 unit quote; season-opening order 150-399 total packets; not a one-packet retail offer,true,"crop-level university guidance, not a cultivar soil trial","crop-level university guidance, not a cultivar irrigation trial",https://extension.umn.edu/vegetables/growing-lettuce-endive-and-radicchio,https://seedracks.southernexposure.com/products/sweet-valentine-lettuce-romaine-seed-packet,supplier product description,from direct seeding,https://www.southernexposure.com/catalog/sese-catalog-2025-for-web.pdf#page=27,https://seedracks.southernexposure.com/products/sweet-valentine-lettuce-romaine-seed-packet,,"supplier cultivar claim; no claim means unknown, not susceptible",https://seedracks.southernexposure.com/products/sweet-valentine-lettuce-romaine-seed-packet,"supplier tag or explicit adaptation statement, not a regional trial",crop-level season plus explicit supplier cultivar adaptation statement
62301 - Red Salad Bowl,https://seedracks.southernexposure.com/products/red-salad-bowl-lettuce-looseleaf-seed-packet,https://extension.umn.edu/vegetables/growing-lettuce-endive-and-radicchio,https://www.extension.umd.edu/resource/when-plant-vegetables,https://extension.umn.edu/vegetables/growing-lettuce-endive-and-radicchio,https://seedracks.southernexposure.com/products.json?limit=250&page=1,6493933895,20718897671,2026-10-05,"Soil and water are crop-level guidance. Maturity and disease claims refer to the named cultivar. Regional tags are supplier guidance, not local trial verification. Price is a conditional wholesale unit quote.",https://seedracks.southernexposure.com/pages/pricing,2027 season wholesale Guaranteed Sale Tier 1 unit quote; season-opening order 150-399 total packets; not a one-packet retail offer,true,"crop-level university guidance, not a cultivar soil trial","crop-level university guidance, not a cultivar irrigation trial",https://extension.umn.edu/vegetables/growing-lettuce-endive-and-radicchio,https://seedracks.southernexposure.com/products/red-salad-bowl-lettuce-looseleaf-seed-packet,supplier product description,from direct seeding,https://www.southernexposure.com/catalog/sese-catalog-2025-for-web.pdf#page=27,https://seedracks.southernexposure.com/products/red-salad-bowl-lettuce-looseleaf-seed-packet,,"supplier cultivar claim; no claim means unknown, not susceptible",https://seedracks.southernexposure.com/products/red-salad-bowl-lettuce-looseleaf-seed-packet,"supplier tag or explicit adaptation statement, not a regional trial",crop season classification unless supplier cultivar claim is stated
62302 - Buttercrunch Bibb (Butterhead),https://seedracks.southernexposure.com/products/buttercrunch-lettuce-bibb-butterhead-seed-packet,https://extension.umn.edu/vegetables/growing-lettuce-endive-and-radicchio,https://www.extension.umd.edu/resource/when-plant-vegetables,https://extension.umn.edu/vegetables/growing-lettuce-endive-and-radicchio,https://seedracks.southernexposure.com/products.json?limit=250&page=1,6493934983,20718900743,2026-10-05,"Soil and water are crop-level guidance. Maturity and disease claims refer to the named cultivar. Regional tags are supplier guidance, not local trial verification. Price is a conditional wholesale unit quote.",https://seedracks.southernexposure.com/pages/pricing,2027 season wholesale Guaranteed Sale Tier 1 unit quote; season-opening order 150-399 total packets; not a one-packet retail offer,true,"crop-level university guidance, not a cultivar soil trial","crop-level university guidance, not a cultivar irrigation trial",https://extension.umn.edu/vegetables/growing-lettuce-endive-and-radicchio,https://seedracks.southernexposure.com/products/buttercrunch-lettuce-bibb-butterhead-seed-packet,supplier product description,from direct seeding,https://www.southernexposure.com/catalog/sese-catalog-2025-for-web.pdf#page=27,https://seedracks.southernexposure.com/products/buttercrunch-lettuce-bibb-butterhead-seed-packet,,"supplier cultivar claim; no claim means unknown, not susceptible",https://seedracks.southernexposure.com/products/buttercrunch-lettuce-bibb-butterhead-seed-packet,"supplier tag or explicit adaptation statement, not a regional trial",crop-level season plus explicit supplier cultivar adaptation statement
62303 - Capitan,https://seedracks.southernexposure.com/products/capitan-lettuce-bibb-butterhead-seed-packet,https://extension.umn.edu/vegetables/growing-lettuce-endive-and-radicchio,https://www.extension.umd.edu/resource/when-plant-vegetables,https://extension.umn.edu/vegetables/growing-lettuce-endive-and-radicchio,https://seedracks.southernexposure.com/products.json?limit=250&page=1,6493935751,20718902599,2026-10-05,"Soil and water are crop-level guidance. Maturity and disease claims refer to the named cultivar. Regional tags are supplier guidance, not local trial verification. Price is a conditional wholesale unit quote.",https://seedracks.southernexposure.com/pages/pricing,2027 season wholesale Guaranteed Sale Tier 1 unit quote; season-opening order 150-399 total packets; not a one-packet retail offer,true,"crop-level university guidance, not a cultivar soil trial","crop-level university guidance, not a cultivar irrigation trial",https://extension.umn.edu/vegetables/growing-lettuce-endive-and-radicchio,https://seedracks.southernexposure.com/products/capitan-lettuce-bibb-butterhead-seed-packet,supplier product description,from direct seeding,https://www.southernexposure.com/catalog/sese-catalog-2025-for-web.pdf#page=27,https://seedracks.southernexposure.com/products/capitan-lettuce-bibb-butterhead-seed-packet,,"supplier cultivar claim; no claim means unknown, not susceptible",https://seedracks.southernexposure.com/products/capitan-lettuce-bibb-butterhead-seed-packet,"supplier tag or explicit adaptation statement, not a regional trial",crop-level season plus explicit supplier cultivar adaptation statement
62305 - Schweitzer's Mescher Bibb,https://seedracks.southernexposure.com/products/schweitzers-mescher-bibb-lettuce-bibb-butterhead-seed-packet,https://extension.umn.edu/vegetables/growing-lettuce-endive-and-radicchio,https://www.extension.umd.edu/resource/when-plant-vegetables,https://extension.umn.edu/vegetables/growing-lettuce-endive-and-radicchio,https://seedracks.southernexposure.com/products.json?limit=250&page=2,6493936519,20718903943,2026-10-05,"Soil and water are crop-level guidance. Maturity and disease claims refer to the named cultivar. Regional tags are supplier guidance, not local trial verification. Price is a conditional wholesale unit quote.",https://seedracks.southernexposure.com/pages/pricing,2027 season wholesale Guaranteed Sale Tier 1 unit quote; season-opening order 150-399 total packets; not a one-packet retail offer,false,"crop-level university guidance, not a cultivar soil trial","crop-level university guidance, not a cultivar irrigation trial",https://extension.umn.edu/vegetables/growing-lettuce-endive-and-radicchio,https://seedracks.southernexposure.com/products/schweitzers-mescher-bibb-lettuce-bibb-butterhead-seed-packet,supplier product description,from direct seeding,https://www.southernexposure.com/catalog/sese-catalog-2025-for-web.pdf#page=27,https://seedracks.southernexposure.com/products/schweitzers-mescher-bibb-lettuce-bibb-butterhead-seed-packet,,"supplier cultivar claim; no claim means unknown, not susceptible",https://seedracks.southernexposure.com/products/schweitzers-mescher-bibb-lettuce-bibb-butterhead-seed-packet,"supplier tag or explicit adaptation statement, not a regional trial",crop season classification unless supplier cultivar claim is stated
62307 - Tom Thumb,https://seedracks.southernexposure.com/products/tom-thumb-lettuce-bibb-butterhead-seed-packet,https://extension.umn.edu/vegetables/growing-lettuce-endive-and-radicchio,https://www.extension.umd.edu/resource/when-plant-vegetables,https://extension.umn.edu/vegetables/growing-lettuce-endive-and-radicchio,https://seedracks.southernexposure.com/products.json?limit=250&page=1,6493950663,20718939271,2026-10-05,"Soil and water are crop-level guidance. Maturity and disease claims refer to the named cultivar. Regional tags are supplier guidance, not local trial verification. Price is a conditional wholesale unit quote.",https://seedracks.southernexposure.com/pages/pricing,2027 season wholesale Guaranteed Sale Tier 1 unit quote; season-opening order 150-399 total packets; not a one-packet retail offer,true,"crop-level university guidance, not a cultivar soil trial","crop-level university guidance, not a cultivar irrigation trial",https://extension.umn.edu/vegetables/growing-lettuce-endive-and-radicchio,https://seedracks.southernexposure.com/products/tom-thumb-lettuce-bibb-butterhead-seed-packet,supplier product description,from direct seeding,https://www.southernexposure.com/catalog/sese-catalog-2025-for-web.pdf#page=27,https://seedracks.southernexposure.com/products/tom-thumb-lettuce-bibb-butterhead-seed-packet,,"supplier cultivar claim; no claim means unknown, not susceptible",https://seedracks.southernexposure.com/products/tom-thumb-lettuce-bibb-butterhead-seed-packet,"supplier tag or explicit adaptation statement, not a regional trial",crop season classification unless supplier cultivar claim is stated
62308 - Yugoslavian Red Butterhead,https://seedracks.southernexposure.com/products/yugoslavian-red-butterhead-lettuce-bibb-butterhead-seed-packet,https://extension.umn.edu/vegetables/growing-lettuce-endive-and-radicchio,https://www.extension.umd.edu/resource/when-plant-vegetables,https://extension.umn.edu/vegetables/growing-lettuce-endive-and-radicchio,https://seedracks.southernexposure.com/products.json?limit=250&page=1,6493952071,20718942535,2026-10-05,"Soil and water are crop-level guidance. Maturity and disease claims refer to the named cultivar. Regional tags are supplier guidance, not local trial verification. Price is a conditional wholesale unit quote.",https://seedracks.southernexposure.com/pages/pricing,2027 season wholesale Guaranteed Sale Tier 1 unit quote; season-opening order 150-399 total packets; not a one-packet retail offer,true,"crop-level university guidance, not a cultivar soil trial","crop-level university guidance, not a cultivar irrigation trial",https://extension.umn.edu/vegetables/growing-lettuce-endive-and-radicchio,https://seedracks.southernexposure.com/products/yugoslavian-red-butterhead-lettuce-bibb-butterhead-seed-packet,supplier product description,from direct seeding,https://www.southernexposure.com/catalog/sese-catalog-2025-for-web.pdf#page=27,https://seedracks.southernexposure.com/products/yugoslavian-red-butterhead-lettuce-bibb-butterhead-seed-packet,,"supplier cultivar claim; no claim means unknown, not susceptible",https://seedracks.southernexposure.com/products/yugoslavian-red-butterhead-lettuce-bibb-butterhead-seed-packet,"supplier tag or explicit adaptation statement, not a regional trial",crop season classification unless supplier cultivar claim is stated
62309 - Speckled Bibb,https://seedracks.southernexposure.com/products/speckled-bibb-lettuce-bibb-butterhead-seed-packet,https://extension.umn.edu/vegetables/growing-lettuce-endive-and-radicchio,https://www.extension.umd.edu/resource/when-plant-vegetables,https://extension.umn.edu/vegetables/growing-lettuce-endive-and-radicchio,https://seedracks.southernexposure.com/products.json?limit=250&page=1,6493952967,20718945031,2026-10-05,"Soil and water are crop-level guidance. Maturity and disease claims refer to the named cultivar. Regional tags are supplier guidance, not local trial verification. Price is a conditional wholesale unit quote.",https://seedracks.southernexposure.com/pages/pricing,2027 season wholesale Guaranteed Sale Tier 1 unit quote; season-opening order 150-399 total packets; not a one-packet retail offer,true,"crop-level university guidance, not a cultivar soil trial","crop-level university guidance, not a cultivar irrigation trial",https://extension.umn.edu/vegetables/growing-lettuce-endive-and-radicchio,https://seedracks.southernexposure.com/products/speckled-bibb-lettuce-bibb-butterhead-seed-packet,supplier product description,from direct seeding,https://www.southernexposure.com/catalog/sese-catalog-2025-for-web.pdf#page=27,https://seedracks.southernexposure.com/products/speckled-bibb-lettuce-bibb-butterhead-seed-packet,,"supplier cultivar claim; no claim means unknown, not susceptible",https://seedracks.southernexposure.com/products/speckled-bibb-lettuce-bibb-butterhead-seed-packet,"supplier tag or explicit adaptation statement, not a regional trial",crop-level season plus explicit supplier cultivar adaptation statement
62502 - Salad Bowl,https://seedracks.southernexposure.com/products/salad-bowl-lettuce-looseleaf-seed-packet,https://extension.umn.edu/vegetables/growing-lettuce-endive-and-radicchio,https://www.extension.umd.edu/resource/when-plant-vegetables,https://extension.umn.edu/vegetables/growing-lettuce-endive-and-radicchio,https://seedracks.southernexposure.com/products.json?limit=250&page=1,6493954311,20718948679,2026-10-05,"Soil and water are crop-level guidance. Maturity and disease claims refer to the named cultivar. Regional tags are supplier guidance, not local trial verification. Price is a conditional wholesale unit quote.",https://seedracks.southernexposure.com/pages/pricing,2027 season wholesale Guaranteed Sale Tier 1 unit quote; season-opening order 150-399 total packets; not a one-packet retail offer,true,"crop-level university guidance, not a cultivar soil trial","crop-level university guidance, not a cultivar irrigation trial",https://extension.umn.edu/vegetables/growing-lettuce-endive-and-radicchio,https://seedracks.southernexposure.com/products/salad-bowl-lettuce-looseleaf-seed-packet,supplier product description,from direct seeding,https://www.southernexposure.com/catalog/sese-catalog-2025-for-web.pdf#page=27,https://seedracks.southernexposure.com/products/salad-bowl-lettuce-looseleaf-seed-packet,,"supplier cultivar claim; no claim means unknown, not susceptible",https://seedracks.southernexposure.com/products/salad-bowl-lettuce-looseleaf-seed-packet,"supplier tag or explicit adaptation statement, not a regional trial",crop-level season plus explicit supplier cultivar adaptation statement
62503 - Sierra,https://seedracks.southernexposure.com/products/sierra-lettuce-batavian-crisphead-seed-packet,https://extension.umn.edu/vegetables/growing-lettuce-endive-and-radicchio,https://www.extension.umd.edu/resource/when-plant-vegetables,https://extension.umn.edu/vegetables/growing-lettuce-endive-and-radicchio,https://seedracks.southernexposure.com/products.json?limit=250&page=1,6494545031,20720344007,2026-10-05,"Soil and water are crop-level guidance. Maturity and disease claims refer to the named cultivar. Regional tags are supplier guidance, not local trial verification. Price is a conditional wholesale unit quote.",https://seedracks.southernexposure.com/pages/pricing,2027 season wholesale Guaranteed Sale Tier 1 unit quote; season-opening order 150-399 total packets; not a one-packet retail offer,true,"crop-level university guidance, not a cultivar soil trial","crop-level university guidance, not a cultivar irrigation trial",https://extension.umn.edu/vegetables/growing-lettuce-endive-and-radicchio,https://seedracks.southernexposure.com/products/sierra-lettuce-batavian-crisphead-seed-packet,supplier product description,from direct seeding,https://www.southernexposure.com/catalog/sese-catalog-2025-for-web.pdf#page=27,https://seedracks.southernexposure.com/products/sierra-lettuce-batavian-crisphead-seed-packet,,"supplier cultivar claim; no claim means unknown, not susceptible",https://seedracks.southernexposure.com/products/sierra-lettuce-batavian-crisphead-seed-packet,"supplier tag or explicit adaptation statement, not a regional trial",crop-level season plus explicit supplier cultivar adaptation statement
62505 - Tennis Ball,https://seedracks.southernexposure.com/products/tennis-ball-lettuce-batavian-crisphead-seed-packet,https://extension.umn.edu/vegetables/growing-lettuce-endive-and-radicchio,https://www.extension.umd.edu/resource/when-plant-vegetables,https://extension.umn.edu/vegetables/growing-lettuce-endive-and-radicchio,https://seedracks.southernexposure.com/products.json?limit=250&page=1,6493956999,20718958791,2026-10-05,"Soil and water are crop-level guidance. Maturity and disease claims refer to the named cultivar. Regional tags are supplier guidance, not local trial verification. Price is a conditional wholesale unit quote.",https://seedracks.southernexposure.com/pages/pricing,2027 season wholesale Guaranteed Sale Tier 1 unit quote; season-opening order 150-399 total packets; not a one-packet retail offer,true,"crop-level university guidance, not a cultivar soil trial","crop-level university guidance, not a cultivar irrigation trial",https://extension.umn.edu/vegetables/growing-lettuce-endive-and-radicchio,https://seedracks.southernexposure.com/products/tennis-ball-lettuce-batavian-crisphead-seed-packet,supplier product description,from direct seeding,https://www.southernexposure.com/catalog/sese-catalog-2025-for-web.pdf#page=27,https://seedracks.southernexposure.com/products/tennis-ball-lettuce-batavian-crisphead-seed-packet,,"supplier cultivar claim; no claim means unknown, not susceptible",https://seedracks.southernexposure.com/products/tennis-ball-lettuce-batavian-crisphead-seed-packet,"supplier tag or explicit adaptation statement, not a regional trial",crop season classification unless supplier cultivar claim is stated
62506 - Anuenue,https://seedracks.southernexposure.com/products/anuenue-lettuce-batavian-crisphead-seed-packet,https://extension.umn.edu/vegetables/growing-lettuce-endive-and-radicchio,https://www.extension.umd.edu/resource/when-plant-vegetables,https://extension.umn.edu/vegetables/growing-lettuce-endive-and-radicchio,https://seedracks.southernexposure.com/products.json?limit=250&page=1,6493957319,20718959111,2026-10-05,"Soil and water are crop-level guidance. Maturity and disease claims refer to the named cultivar. Regional tags are supplier guidance, not local trial verification. Price is a conditional wholesale unit quote.",https://seedracks.southernexposure.com/pages/pricing,2027 season wholesale Guaranteed Sale Tier 1 unit quote; season-opening order 150-399 total packets; not a one-packet retail offer,true,"crop-level university guidance, not a cultivar soil trial","crop-level university guidance, not a cultivar irrigation trial",https://extension.umn.edu/vegetables/growing-lettuce-endive-and-radicchio,https://seedracks.southernexposure.com/products/anuenue-lettuce-batavian-crisphead-seed-packet,supplier product description,from direct seeding,https://www.southernexposure.com/catalog/sese-catalog-2025-for-web.pdf#page=27,https://seedracks.southernexposure.com/products/anuenue-lettuce-batavian-crisphead-seed-packet,,"supplier cultivar claim; no claim means unknown, not susceptible",https://seedracks.southernexposure.com/products/anuenue-lettuce-batavian-crisphead-seed-packet,"supplier tag or explicit adaptation statement, not a regional trial",crop-level season plus explicit supplier cultivar adaptation statement
62701 - Cosmo,https://seedracks.southernexposure.com/products/cosmo-lettuce-romaine-seed-packet,https://extension.umn.edu/vegetables/growing-lettuce-endive-and-radicchio,https://www.extension.umd.edu/resource/when-plant-vegetables,https://extension.umn.edu/vegetables/growing-lettuce-endive-and-radicchio,https://seedracks.southernexposure.com/products.json?limit=250&page=1,6493958471,20718962183,2026-10-05,"Soil and water are crop-level guidance. Maturity and disease claims refer to the named cultivar. Regional tags are supplier guidance, not local trial verification. Price is a conditional wholesale unit quote.",https://seedracks.southernexposure.com/pages/pricing,2027 season wholesale Guaranteed Sale Tier 1 unit quote; season-opening order 150-399 total packets; not a one-packet retail offer,true,"crop-level university guidance, not a cultivar soil trial","crop-level university guidance, not a cultivar irrigation trial",https://extension.umn.edu/vegetables/growing-lettuce-endive-and-radicchio,https://seedracks.southernexposure.com/products/cosmo-lettuce-romaine-seed-packet,supplier product description,from direct seeding,https://www.southernexposure.com/catalog/sese-catalog-2025-for-web.pdf#page=27,https://seedracks.southernexposure.com/products/cosmo-lettuce-romaine-seed-packet,,"supplier cultivar claim; no claim means unknown, not susceptible",https://seedracks.southernexposure.com/products/cosmo-lettuce-romaine-seed-packet,"supplier tag or explicit adaptation statement, not a regional trial",crop season classification unless supplier cultivar claim is stated
62702 - Parris Island Cos,https://seedracks.southernexposure.com/products/parris-island-cos-lettuce-romaine-seed-packet,https://extension.umn.edu/vegetables/growing-lettuce-endive-and-radicchio,https://www.extension.umd.edu/resource/when-plant-vegetables,https://extension.umn.edu/vegetables/growing-lettuce-endive-and-radicchio,https://seedracks.southernexposure.com/products.json?limit=250&page=1,6493961415,20718974535,2026-10-05,"Soil and water are crop-level guidance. Maturity and disease claims refer to the named cultivar. Regional tags are supplier guidance, not local trial verification. Price is a conditional wholesale unit quote.",https://seedracks.southernexposure.com/pages/pricing,2027 season wholesale Guaranteed Sale Tier 1 unit quote; season-opening order 150-399 total packets; not a one-packet retail offer,true,"crop-level university guidance, not a cultivar soil trial","crop-level university guidance, not a cultivar irrigation trial",https://extension.umn.edu/vegetables/growing-lettuce-endive-and-radicchio,https://seedracks.southernexposure.com/products/parris-island-cos-lettuce-romaine-seed-packet,supplier product description,from direct seeding,https://www.southernexposure.com/catalog/sese-catalog-2025-for-web.pdf#page=27,https://seedracks.southernexposure.com/products/parris-island-cos-lettuce-romaine-seed-packet,,"supplier cultivar claim; no claim means unknown, not susceptible",https://seedracks.southernexposure.com/products/parris-island-cos-lettuce-romaine-seed-packet,"supplier tag or explicit adaptation statement, not a regional trial",crop season classification unless supplier cultivar claim is stated
62706 - Jericho,https://seedracks.southernexposure.com/products/jericho-lettuce-romaine-seed-packet,https://extension.umn.edu/vegetables/growing-lettuce-endive-and-radicchio,https://www.extension.umd.edu/resource/when-plant-vegetables,https://extension.umn.edu/vegetables/growing-lettuce-endive-and-radicchio,https://seedracks.southernexposure.com/products.json?limit=250&page=1,6493963399,20718976967,2026-10-05,"Soil and water are crop-level guidance. Maturity and disease claims refer to the named cultivar. Regional tags are supplier guidance, not local trial verification. Price is a conditional wholesale unit quote.",https://seedracks.southernexposure.com/pages/pricing,2027 season wholesale Guaranteed Sale Tier 1 unit quote; season-opening order 150-399 total packets; not a one-packet retail offer,true,"crop-level university guidance, not a cultivar soil trial","crop-level university guidance, not a cultivar irrigation trial",https://extension.umn.edu/vegetables/growing-lettuce-endive-and-radicchio,https://seedracks.southernexposure.com/products/jericho-lettuce-romaine-seed-packet,supplier product description,from direct seeding,https://www.southernexposure.com/catalog/sese-catalog-2025-for-web.pdf#page=27,https://seedracks.southernexposure.com/products/jericho-lettuce-romaine-seed-packet,,"supplier cultivar claim; no claim means unknown, not susceptible",https://seedracks.southernexposure.com/products/jericho-lettuce-romaine-seed-packet,"supplier tag or explicit adaptation statement, not a regional trial",crop-level season plus explicit supplier cultivar adaptation statement
62707 - Rouge d'Hiver (Red Winter),https://seedracks.southernexposure.com/products/rouge-dhiver-red-winter-lettuce-romaine-seed-packet,https://extension.umn.edu/vegetables/growing-lettuce-endive-and-radicchio,https://www.extension.umd.edu/resource/when-plant-vegetables,https://extension.umn.edu/vegetables/growing-lettuce-endive-and-radicchio,https://seedracks.southernexposure.com/products.json?limit=250&page=1,6493973831,20719002695,2026-10-05,"Soil and water are crop-level guidance. Maturity and disease claims refer to the named cultivar. Regional tags are supplier guidance, not local trial verification. Price is a conditional wholesale unit quote.",https://seedracks.southernexposure.com/pages/pricing,2027 season wholesale Guaranteed Sale Tier 1 unit quote; season-opening order 150-399 total packets; not a one-packet retail offer,true,"crop-level university guidance, not a cultivar soil trial","crop-level university guidance, not a cultivar irrigation trial",https://extension.umn.edu/vegetables/growing-lettuce-endive-and-radicchio,https://seedracks.southernexposure.com/products/rouge-dhiver-red-winter-lettuce-romaine-seed-packet,supplier product description,from direct seeding,https://www.southernexposure.com/catalog/sese-catalog-2025-for-web.pdf#page=27,https://seedracks.southernexposure.com/products/rouge-dhiver-red-winter-lettuce-romaine-seed-packet,,"supplier cultivar claim; no claim means unknown, not susceptible",https://seedracks.southernexposure.com/products/rouge-dhiver-red-winter-lettuce-romaine-seed-packet,"supplier tag or explicit adaptation statement, not a regional trial",crop season classification unless supplier cultivar claim is stated
62710 - Crawford Bibb (Butterhead),https://seedracks.southernexposure.com/products/62710-crawford-lettuce-bibb-butterhead-seed-packet,https://extension.umn.edu/vegetables/growing-lettuce-endive-and-radicchio,https://www.extension.umd.edu/resource/when-plant-vegetables,https://extension.umn.edu/vegetables/growing-lettuce-endive-and-radicchio,https://seedracks.southernexposure.com/products.json?limit=250&page=2,9018160071,30171128775,2026-10-05,"Soil and water are crop-level guidance. Maturity and disease claims refer to the named cultivar. Regional tags are supplier guidance, not local trial verification. Price is a conditional wholesale unit quote.",https://seedracks.southernexposure.com/pages/pricing,2027 season wholesale Guaranteed Sale Tier 1 unit quote; season-opening order 150-399 total packets; not a one-packet retail offer,true,"crop-level university guidance, not a cultivar soil trial","crop-level university guidance, not a cultivar irrigation trial",https://extension.umn.edu/vegetables/growing-lettuce-endive-and-radicchio,https://seedracks.southernexposure.com/products/62710-crawford-lettuce-bibb-butterhead-seed-packet,supplier product description,from direct seeding,https://www.southernexposure.com/catalog/sese-catalog-2025-for-web.pdf#page=27,https://seedracks.southernexposure.com/products/62710-crawford-lettuce-bibb-butterhead-seed-packet,,"supplier cultivar claim; no claim means unknown, not susceptible",https://seedracks.southernexposure.com/products/62710-crawford-lettuce-bibb-butterhead-seed-packet,"supplier tag or explicit adaptation statement, not a regional trial",crop-level season plus explicit supplier cultivar adaptation statement
62711 - Mayan Jaguar,https://seedracks.southernexposure.com/products/62711-mayan-jaguar,https://extension.umn.edu/vegetables/growing-lettuce-endive-and-radicchio,https://www.extension.umd.edu/resource/when-plant-vegetables,https://extension.umn.edu/vegetables/growing-lettuce-endive-and-radicchio,https://seedracks.southernexposure.com/products.json?limit=250&page=1,7573156724803,42892462063683,2026-10-05,"Soil and water are crop-level guidance. Maturity and disease claims refer to the named cultivar. Regional tags are supplier guidance, not local trial verification. Price is a conditional wholesale unit quote.",https://seedracks.southernexposure.com/pages/pricing,2027 season wholesale Guaranteed Sale Tier 1 unit quote; season-opening order 150-399 total packets; not a one-packet retail offer,true,"crop-level university guidance, not a cultivar soil trial","crop-level university guidance, not a cultivar irrigation trial",https://extension.umn.edu/vegetables/growing-lettuce-endive-and-radicchio,https://seedracks.southernexposure.com/products/62711-mayan-jaguar,supplier product description,from direct seeding,https://www.southernexposure.com/catalog/sese-catalog-2025-for-web.pdf#page=27,https://seedracks.southernexposure.com/products/62711-mayan-jaguar,,"supplier cultivar claim; no claim means unknown, not susceptible",https://seedracks.southernexposure.com/products/62711-mayan-jaguar,"supplier tag or explicit adaptation statement, not a regional trial",crop season classification unless supplier cultivar claim is stated
62801 - Drunken Woman,https://seedracks.southernexposure.com/products/drunken-woman-lettuce-looseleaf-seed-packet,https://extension.umn.edu/vegetables/growing-lettuce-endive-and-radicchio,https://www.extension.umd.edu/resource/when-plant-vegetables,https://extension.umn.edu/vegetables/growing-lettuce-endive-and-radicchio,https://seedracks.southernexposure.com/products.json?limit=250&page=1,6493974599,20719003911,2026-10-05,"Soil and water are crop-level guidance. Maturity and disease claims refer to the named cultivar. Regional tags are supplier guidance, not local trial verification. Price is a conditional wholesale unit quote.",https://seedracks.southernexposure.com/pages/pricing,2027 season wholesale Guaranteed Sale Tier 1 unit quote; season-opening order 150-399 total packets; not a one-packet retail offer,true,"crop-level university guidance, not a cultivar soil trial","crop-level university guidance, not a cultivar irrigation trial",https://extension.umn.edu/vegetables/growing-lettuce-endive-and-radicchio,https://seedracks.southernexposure.com/products/drunken-woman-lettuce-looseleaf-seed-packet,supplier product description,from direct seeding,https://www.southernexposure.com/catalog/sese-catalog-2025-for-web.pdf#page=27,https://seedracks.southernexposure.com/products/drunken-woman-lettuce-looseleaf-seed-packet,,"supplier cultivar claim; no claim means unknown, not susceptible",https://seedracks.southernexposure.com/products/drunken-woman-lettuce-looseleaf-seed-packet,"supplier tag or explicit adaptation statement, not a regional trial",crop season classification unless supplier cultivar claim is stated
62802 - Winter Density,https://seedracks.southernexposure.com/products/winter-density-lettuce-buttercos-seed-packet,https://extension.umn.edu/vegetables/growing-lettuce-endive-and-radicchio,https://www.extension.umd.edu/resource/when-plant-vegetables,https://extension.umn.edu/vegetables/growing-lettuce-endive-and-radicchio,https://seedracks.southernexposure.com/products.json?limit=250&page=1,6493976135,20719006407,2026-10-05,"Soil and water are crop-level guidance. Maturity and disease claims refer to the named cultivar. Regional tags are supplier guidance, not local trial verification. Price is a conditional wholesale unit quote.",https://seedracks.southernexposure.com/pages/pricing,2027 season wholesale Guaranteed Sale Tier 1 unit quote; season-opening order 150-399 total packets; not a one-packet retail offer,true,"crop-level university guidance, not a cultivar soil trial","crop-level university guidance, not a cultivar irrigation trial",https://extension.umn.edu/vegetables/growing-lettuce-endive-and-radicchio,https://seedracks.southernexposure.com/products/winter-density-lettuce-buttercos-seed-packet,supplier product description,from direct seeding,https://www.southernexposure.com/catalog/sese-catalog-2025-for-web.pdf#page=27,https://seedracks.southernexposure.com/products/winter-density-lettuce-buttercos-seed-packet,,"supplier cultivar claim; no claim means unknown, not susceptible",https://seedracks.southernexposure.com/products/winter-density-lettuce-buttercos-seed-packet,"supplier tag or explicit adaptation statement, not a regional trial",crop-level season plus explicit supplier cultivar adaptation statement
62803 - Bronze Arrow,https://seedracks.southernexposure.com/products/bronze-arrow-lettuce-looseleaf-seed-packet,https://extension.umn.edu/vegetables/growing-lettuce-endive-and-radicchio,https://www.extension.umd.edu/resource/when-plant-vegetables,https://extension.umn.edu/vegetables/growing-lettuce-endive-and-radicchio,https://seedracks.southernexposure.com/products.json?limit=250&page=1,6493976839,20719007687,2026-10-05,"Soil and water are crop-level guidance. Maturity and disease claims refer to the named cultivar. Regional tags are supplier guidance, not local trial verification. Price is a conditional wholesale unit quote.",https://seedracks.southernexposure.com/pages/pricing,2027 season wholesale Guaranteed Sale Tier 1 unit quote; season-opening order 150-399 total packets; not a one-packet retail offer,true,"crop-level university guidance, not a cultivar soil trial","crop-level university guidance, not a cultivar irrigation trial",https://extension.umn.edu/vegetables/growing-lettuce-endive-and-radicchio,https://seedracks.southernexposure.com/products/bronze-arrow-lettuce-looseleaf-seed-packet,supplier product description,from direct seeding,https://www.southernexposure.com/catalog/sese-catalog-2025-for-web.pdf#page=27,https://seedracks.southernexposure.com/products/bronze-arrow-lettuce-looseleaf-seed-packet,,"supplier cultivar claim; no claim means unknown, not susceptible",https://seedracks.southernexposure.com/products/bronze-arrow-lettuce-looseleaf-seed-packet,"supplier tag or explicit adaptation statement, not a regional trial",crop season classification unless supplier cultivar claim is stated
62951 - Wild Garden Lettuce Mix,https://seedracks.southernexposure.com/products/wild-garden-lettuce-mix-seed-packet,https://extension.umn.edu/vegetables/growing-lettuce-endive-and-radicchio,https://www.extension.umd.edu/resource/when-plant-vegetables,https://extension.umn.edu/vegetables/growing-lettuce-endive-and-radicchio,https://seedracks.southernexposure.com/products.json?limit=250&page=1,6494403143,20719984007,2026-10-05,"Soil and water are crop-level guidance. Maturity and disease claims refer to the named cultivar. Regional tags are supplier guidance, not local trial verification. Price is a conditional wholesale unit quote.",https://seedracks.southernexposure.com/pages/pricing,2027 season wholesale Guaranteed Sale Tier 1 unit quote; season-opening order 150-399 total packets; not a one-packet retail offer,true,"crop-level university guidance, not a cultivar soil trial","crop-level university guidance, not a cultivar irrigation trial",https://extension.umn.edu/vegetables/growing-lettuce-endive-and-radicchio,https://seedracks.southernexposure.com/products/wild-garden-lettuce-mix-seed-packet,supplier product description,from direct seeding,https://www.southernexposure.com/catalog/sese-catalog-2025-for-web.pdf#page=27,https://seedracks.southernexposure.com/products/wild-garden-lettuce-mix-seed-packet,,"supplier cultivar claim; no claim means unknown, not susceptible",https://seedracks.southernexposure.com/products/wild-garden-lettuce-mix-seed-packet,"supplier tag or explicit adaptation statement, not a regional trial",crop season classification unless supplier cultivar claim is stated
14101 - Jackson Wonder Butterbean,https://seedracks.southernexposure.com/products/jackson-wonder-butterbean-bean-lima-bush-seed-packet,https://extension.umn.edu/vegetables/growing-beans,https://www.extension.umd.edu/resource/when-plant-vegetables,https://extension.umn.edu/vegetables/growing-beans,https://seedracks.southernexposure.com/products.json?limit=250&page=1,6493523975,20717840775,2026-10-05,"Soil and water are crop-level guidance. Maturity and disease claims refer to the named cultivar. Regional tags are supplier guidance, not local trial verification. Price is a conditional wholesale unit quote.",https://seedracks.southernexposure.com/pages/pricing,2027 season wholesale Guaranteed Sale Tier 1 unit quote; season-opening order 150-399 total packets; not a one-packet retail offer,true,"crop-level university guidance, not a cultivar soil trial","crop-level university guidance, not a cultivar irrigation trial",https://extension.umn.edu/vegetables/growing-beans,https://seedracks.southernexposure.com/products/jackson-wonder-butterbean-bean-lima-bush-seed-packet,supplier product description,not explicitly established in sources reviewed,,https://seedracks.southernexposure.com/products/jackson-wonder-butterbean-bean-lima-bush-seed-packet,,"supplier cultivar claim; no claim means unknown, not susceptible",https://seedracks.southernexposure.com/products/jackson-wonder-butterbean-bean-lima-bush-seed-packet,"supplier tag or explicit adaptation statement, not a regional trial",crop-level season plus explicit supplier cultivar adaptation statement
14104 - Henderson Bush,https://seedracks.southernexposure.com/products/henderson-bush-bean-lima-bush-seed-packet,https://extension.umn.edu/vegetables/growing-beans,https://www.extension.umd.edu/resource/when-plant-vegetables,https://extension.umn.edu/vegetables/growing-beans,https://seedracks.southernexposure.com/products.json?limit=250&page=1,6493525191,20717843975,2026-10-05,"Soil and water are crop-level guidance. Maturity and disease claims refer to the named cultivar. Regional tags are supplier guidance, not local trial verification. Price is a conditional wholesale unit quote.",https://seedracks.southernexposure.com/pages/pricing,2027 season wholesale Guaranteed Sale Tier 1 unit quote; season-opening order 150-399 total packets; not a one-packet retail offer,true,"crop-level university guidance, not a cultivar soil trial","crop-level university guidance, not a cultivar irrigation trial",https://extension.umn.edu/vegetables/growing-beans,https://seedracks.southernexposure.com/products/henderson-bush-bean-lima-bush-seed-packet,supplier product description,not explicitly established in sources reviewed,,https://seedracks.southernexposure.com/products/henderson-bush-bean-lima-bush-seed-packet,,"supplier cultivar claim; no claim means unknown, not susceptible",https://seedracks.southernexposure.com/products/henderson-bush-bean-lima-bush-seed-packet,"supplier tag or explicit adaptation statement, not a regional trial",crop season classification unless supplier cultivar claim is stated
14301 - Violet's Multicolored Butterbeans,https://seedracks.southernexposure.com/products/violets-multicolored-butterbeans-bean-lima-pole-seed-packet,https://extension.umn.edu/vegetables/growing-beans,https://www.extension.umd.edu/resource/when-plant-vegetables,https://extension.umn.edu/vegetables/growing-beans,https://seedracks.southernexposure.com/products.json?limit=250&page=1,6494525831,20720308935,2026-10-05,"Soil and water are crop-level guidance. Maturity and disease claims refer to the named cultivar. Regional tags are supplier guidance, not local trial verification. Price is a conditional wholesale unit quote.",https://seedracks.southernexposure.com/pages/pricing,2027 season wholesale Guaranteed Sale Tier 1 unit quote; season-opening order 150-399 total packets; not a one-packet retail offer,true,"crop-level university guidance, not a cultivar soil trial","crop-level university guidance, not a cultivar irrigation trial",https://extension.umn.edu/vegetables/growing-beans,https://seedracks.southernexposure.com/products/violets-multicolored-butterbeans-bean-lima-pole-seed-packet,supplier product description,not explicitly established in sources reviewed,,https://seedracks.southernexposure.com/products/violets-multicolored-butterbeans-bean-lima-pole-seed-packet,,"supplier cultivar claim; no claim means unknown, not susceptible",https://seedracks.southernexposure.com/products/violets-multicolored-butterbeans-bean-lima-pole-seed-packet,"supplier tag or explicit adaptation statement, not a regional trial",crop season classification unless supplier cultivar claim is stated
52101 - Delicious 51,https://seedracks.southernexposure.com/products/delicious-51-muskmelon-seed-packet,https://extension.umn.edu/fruit/growing-melons-home-garden,https://www.extension.umd.edu/resource/when-plant-vegetables,https://extension.umn.edu/fruit/growing-melons-home-garden,https://seedracks.southernexposure.com/products.json?limit=250&page=1,6493978055,20719011143,2026-10-05,"Soil and water are crop-level guidance. Maturity and disease claims refer to the named cultivar. Regional tags are supplier guidance, not local trial verification. Price is a conditional wholesale unit quote.",https://seedracks.southernexposure.com/pages/pricing,2027 season wholesale Guaranteed Sale Tier 1 unit quote; season-opening order 150-399 total packets; not a one-packet retail offer,true,"crop-level university guidance, not a cultivar soil trial","crop-level university guidance, not a cultivar irrigation trial",https://extension.umn.edu/fruit/growing-melons-home-garden,https://seedracks.southernexposure.com/products/delicious-51-muskmelon-seed-packet,supplier product description,not explicitly established in sources reviewed,,https://seedracks.southernexposure.com/products/delicious-51-muskmelon-seed-packet,,"supplier cultivar claim; no claim means unknown, not susceptible",https://seedracks.southernexposure.com/products/delicious-51-muskmelon-seed-packet,"supplier tag or explicit adaptation statement, not a regional trial",crop season classification unless supplier cultivar claim is stated
52102 - Edisto 47,https://seedracks.southernexposure.com/products/edisto-47-muskmelon-seed-packet,https://extension.umn.edu/fruit/growing-melons-home-garden,https://www.extension.umd.edu/resource/when-plant-vegetables,https://extension.umn.edu/fruit/growing-melons-home-garden,https://seedracks.southernexposure.com/products.json?limit=250&page=1,6493978247,20719012423,2026-10-05,"Soil and water are crop-level guidance. Maturity and disease claims refer to the named cultivar. Regional tags are supplier guidance, not local trial verification. Price is a conditional wholesale unit quote.",https://seedracks.southernexposure.com/pages/pricing,2027 season wholesale Guaranteed Sale Tier 1 unit quote; season-opening order 150-399 total packets; not a one-packet retail offer,true,"crop-level university guidance, not a cultivar soil trial","crop-level university guidance, not a cultivar irrigation trial",https://extension.umn.edu/fruit/growing-melons-home-garden,https://seedracks.southernexposure.com/products/edisto-47-muskmelon-seed-packet,supplier product description,not explicitly established in sources reviewed,,https://seedracks.southernexposure.com/products/edisto-47-muskmelon-seed-packet,,"supplier cultivar claim; no claim means unknown, not susceptible",https://seedracks.southernexposure.com/products/edisto-47-muskmelon-seed-packet,"supplier tag or explicit adaptation statement, not a regional trial",crop-level season plus explicit supplier cultivar adaptation statement
52104 - Hales Best,https://seedracks.southernexposure.com/products/hales-best-muskmelon-seed-packet,https://extension.umn.edu/fruit/growing-melons-home-garden,https://www.extension.umd.edu/resource/when-plant-vegetables,https://extension.umn.edu/fruit/growing-melons-home-garden,https://seedracks.southernexposure.com/products.json?limit=250&page=1,6493979271,20719014727,2026-10-05,"Soil and water are crop-level guidance. Maturity and disease claims refer to the named cultivar. Regional tags are supplier guidance, not local trial verification. Price is a conditional wholesale unit quote.",https://seedracks.southernexposure.com/pages/pricing,2027 season wholesale Guaranteed Sale Tier 1 unit quote; season-opening order 150-399 total packets; not a one-packet retail offer,true,"crop-level university guidance, not a cultivar soil trial","crop-level university guidance, not a cultivar irrigation trial",https://extension.umn.edu/fruit/growing-melons-home-garden,https://seedracks.southernexposure.com/products/hales-best-muskmelon-seed-packet,supplier product description,not explicitly established in sources reviewed,,https://seedracks.southernexposure.com/products/hales-best-muskmelon-seed-packet,,"supplier cultivar claim; no claim means unknown, not susceptible",https://seedracks.southernexposure.com/products/hales-best-muskmelon-seed-packet,"supplier tag or explicit adaptation statement, not a regional trial",crop season classification unless supplier cultivar claim is stated
52106 - Kansas,https://seedracks.southernexposure.com/products/kansas-muskmelon-seed-packet,https://extension.umn.edu/fruit/growing-melons-home-garden,https://www.extension.umd.edu/resource/when-plant-vegetables,https://extension.umn.edu/fruit/growing-melons-home-garden,https://seedracks.southernexposure.com/products.json?limit=250&page=2,6493980999,20719016903,2026-10-05,"Soil and water are crop-level guidance. Maturity and disease claims refer to the named cultivar. Regional tags are supplier guidance, not local trial verification. Price is a conditional wholesale unit quote.",https://seedracks.southernexposure.com/pages/pricing,2027 season wholesale Guaranteed Sale Tier 1 unit quote; season-opening order 150-399 total packets; not a one-packet retail offer,true,"crop-level university guidance, not a cultivar soil trial","crop-level university guidance, not a cultivar irrigation trial",https://extension.umn.edu/fruit/growing-melons-home-garden,https://seedracks.southernexposure.com/products/kansas-muskmelon-seed-packet,supplier product description,not explicitly established in sources reviewed,,https://seedracks.southernexposure.com/products/kansas-muskmelon-seed-packet,,"supplier cultivar claim; no claim means unknown, not susceptible",https://seedracks.southernexposure.com/products/kansas-muskmelon-seed-packet,"supplier tag or explicit adaptation statement, not a regional trial",crop season classification unless supplier cultivar claim is stated
52109 - Eden Gem (Rocky Ford),https://seedracks.southernexposure.com/products/eden-gem-rocky-ford-muskmelon-seed-packet,https://extension.umn.edu/fruit/growing-melons-home-garden,https://www.extension.umd.edu/resource/when-plant-vegetables,https://extension.umn.edu/fruit/growing-melons-home-garden,https://seedracks.southernexposure.com/products.json?limit=250&page=1,6493993479,20719052807,2026-10-05,"Soil and water are crop-level guidance. Maturity and disease claims refer to the named cultivar. Regional tags are supplier guidance, not local trial verification. Price is a conditional wholesale unit quote.",https://seedracks.southernexposure.com/pages/pricing,2027 season wholesale Guaranteed Sale Tier 1 unit quote; season-opening order 150-399 total packets; not a one-packet retail offer,true,"crop-level university guidance, not a cultivar soil trial","crop-level university guidance, not a cultivar irrigation trial",https://extension.umn.edu/fruit/growing-melons-home-garden,https://seedracks.southernexposure.com/products/eden-gem-rocky-ford-muskmelon-seed-packet,supplier product description,not explicitly established in sources reviewed,,https://seedracks.southernexposure.com/products/eden-gem-rocky-ford-muskmelon-seed-packet,,"supplier cultivar claim; no claim means unknown, not susceptible",https://seedracks.southernexposure.com/products/eden-gem-rocky-ford-muskmelon-seed-packet,"supplier tag or explicit adaptation statement, not a regional trial",crop season classification unless supplier cultivar claim is stated
52113 - Ice Cream (Green Machine),https://seedracks.southernexposure.com/products/ice-cream-green-machine,https://extension.umn.edu/fruit/growing-melons-home-garden,https://www.extension.umd.edu/resource/when-plant-vegetables,https://extension.umn.edu/fruit/growing-melons-home-garden,https://seedracks.southernexposure.com/products.json?limit=250&page=1,6494499143,20720250759,2026-10-05,"Soil and water are crop-level guidance. Maturity and disease claims refer to the named cultivar. Regional tags are supplier guidance, not local trial verification. Price is a conditional wholesale unit quote.",https://seedracks.southernexposure.com/pages/pricing,2027 season wholesale Guaranteed Sale Tier 1 unit quote; season-opening order 150-399 total packets; not a one-packet retail offer,true,"crop-level university guidance, not a cultivar soil trial","crop-level university guidance, not a cultivar irrigation trial",https://extension.umn.edu/fruit/growing-melons-home-garden,https://seedracks.southernexposure.com/products/ice-cream-green-machine,supplier product description,not explicitly established in sources reviewed,,https://seedracks.southernexposure.com/products/ice-cream-green-machine,,"supplier cultivar claim; no claim means unknown, not susceptible",https://seedracks.southernexposure.com/products/ice-cream-green-machine,"supplier tag or explicit adaptation statement, not a regional trial",crop season classification unless supplier cultivar claim is stated
15204 - Green Arrow,https://seedracks.southernexposure.com/products/green-arrow-pea-shelling-english-dwarf-seed-packet,https://extension.umn.edu/vegetables/growing-peas,https://www.extension.umd.edu/resource/when-plant-vegetables,https://extension.umn.edu/vegetables/growing-peas,https://seedracks.southernexposure.com/products.json?limit=250&page=2,6494433607,20720048647,2026-10-05,"Soil and water are crop-level guidance. Maturity and disease claims refer to the named cultivar. Regional tags are supplier guidance, not local trial verification. Price is a conditional wholesale unit quote.",https://seedracks.southernexposure.com/pages/pricing,2027 season wholesale Guaranteed Sale Tier 1 unit quote; season-opening order 150-399 total packets; not a one-packet retail offer,true,"crop-level university guidance, not a cultivar soil trial","crop-level university guidance, not a cultivar irrigation trial",https://extension.umn.edu/vegetables/growing-peas,https://seedracks.southernexposure.com/products/green-arrow-pea-shelling-english-dwarf-seed-packet,supplier product description,not explicitly established in sources reviewed,,https://seedracks.southernexposure.com/products/green-arrow-pea-shelling-english-dwarf-seed-packet,,"supplier cultivar claim; no claim means unknown, not susceptible",https://seedracks.southernexposure.com/products/green-arrow-pea-shelling-english-dwarf-seed-packet,"supplier tag or explicit adaptation statement, not a regional trial",crop season classification unless supplier cultivar claim is stated
15301 - Mammoth Melting Sugar Tall,https://seedracks.southernexposure.com/products/mammoth-melting-sugar-pea-snow-tall-seed-packet,https://extension.umn.edu/vegetables/growing-peas,https://www.extension.umd.edu/resource/when-plant-vegetables,https://extension.umn.edu/vegetables/growing-peas,https://seedracks.southernexposure.com/products.json?limit=250&page=2,6494038279,20719153543,2026-10-05,"Soil and water are crop-level guidance. Maturity and disease claims refer to the named cultivar. Regional tags are supplier guidance, not local trial verification. Price is a conditional wholesale unit quote.",https://seedracks.southernexposure.com/pages/pricing,2027 season wholesale Guaranteed Sale Tier 1 unit quote; season-opening order 150-399 total packets; not a one-packet retail offer,true,"crop-level university guidance, not a cultivar soil trial","crop-level university guidance, not a cultivar irrigation trial",https://extension.umn.edu/vegetables/growing-peas,https://seedracks.southernexposure.com/products/mammoth-melting-sugar-pea-snow-tall-seed-packet,supplier product description,not explicitly established in sources reviewed,,https://seedracks.southernexposure.com/products/mammoth-melting-sugar-pea-snow-tall-seed-packet,,"supplier cultivar claim; no claim means unknown, not susceptible",https://seedracks.southernexposure.com/products/mammoth-melting-sugar-pea-snow-tall-seed-packet,"supplier tag or explicit adaptation statement, not a regional trial",crop season classification unless supplier cultivar claim is stated
15302 - Oregon Giant,https://seedracks.southernexposure.com/products/oregon-giant-pea-snow-dwarf-seed-packet,https://extension.umn.edu/vegetables/growing-peas,https://www.extension.umd.edu/resource/when-plant-vegetables,https://extension.umn.edu/vegetables/growing-peas,https://seedracks.southernexposure.com/products.json?limit=250&page=2,6494038727,20719154375,2026-10-05,"Soil and water are crop-level guidance. Maturity and disease claims refer to the named cultivar. Regional tags are supplier guidance, not local trial verification. Price is a conditional wholesale unit quote.",https://seedracks.southernexposure.com/pages/pricing,2027 season wholesale Guaranteed Sale Tier 1 unit quote; season-opening order 150-399 total packets; not a one-packet retail offer,true,"crop-level university guidance, not a cultivar soil trial","crop-level university guidance, not a cultivar irrigation trial",https://extension.umn.edu/vegetables/growing-peas,https://seedracks.southernexposure.com/products/oregon-giant-pea-snow-dwarf-seed-packet,supplier product description,not explicitly established in sources reviewed,,https://seedracks.southernexposure.com/products/oregon-giant-pea-snow-dwarf-seed-packet,,"supplier cultivar claim; no claim means unknown, not susceptible",https://seedracks.southernexposure.com/products/oregon-giant-pea-snow-dwarf-seed-packet,"supplier tag or explicit adaptation statement, not a regional trial",crop season classification unless supplier cultivar claim is stated
15501 - Sugar Snap Tall,https://seedracks.southernexposure.com/products/sugar-snap-pea-snap-tall-seed-packet,https://extension.umn.edu/vegetables/growing-peas,https://www.extension.umd.edu/resource/when-plant-vegetables,https://extension.umn.edu/vegetables/growing-peas,https://seedracks.southernexposure.com/products.json?limit=250&page=2,6494037511,20719152199,2026-10-05,"Soil and water are crop-level guidance. Maturity and disease claims refer to the named cultivar. Regional tags are supplier guidance, not local trial verification. Price is a conditional wholesale unit quote.",https://seedracks.southernexposure.com/pages/pricing,2027 season wholesale Guaranteed Sale Tier 1 unit quote; season-opening order 150-399 total packets; not a one-packet retail offer,true,"crop-level university guidance, not a cultivar soil trial","crop-level university guidance, not a cultivar irrigation trial",https://extension.umn.edu/vegetables/growing-peas,https://seedracks.southernexposure.com/products/sugar-snap-pea-snap-tall-seed-packet,supplier product description,not explicitly established in sources reviewed,,https://seedracks.southernexposure.com/products/sugar-snap-pea-snap-tall-seed-packet,,"supplier cultivar claim; no claim means unknown, not susceptible",https://seedracks.southernexposure.com/products/sugar-snap-pea-snap-tall-seed-packet,"supplier tag or explicit adaptation statement, not a regional trial",crop season classification unless supplier cultivar claim is stated
15503 - Sugar Daddy,https://seedracks.southernexposure.com/products/sugar-daddy-pea-snap-seed-packet,https://extension.umn.edu/vegetables/growing-peas,https://www.extension.umd.edu/resource/when-plant-vegetables,https://extension.umn.edu/vegetables/growing-peas,https://seedracks.southernexposure.com/products.json?limit=250&page=2,6494433735,20720048775,2026-10-05,"Soil and water are crop-level guidance. Maturity and disease claims refer to the named cultivar. Regional tags are supplier guidance, not local trial verification. Price is a conditional wholesale unit quote.",https://seedracks.southernexposure.com/pages/pricing,2027 season wholesale Guaranteed Sale Tier 1 unit quote; season-opening order 150-399 total packets; not a one-packet retail offer,true,"crop-level university guidance, not a cultivar soil trial","crop-level university guidance, not a cultivar irrigation trial",https://extension.umn.edu/vegetables/growing-peas,https://seedracks.southernexposure.com/products/sugar-daddy-pea-snap-seed-packet,supplier product description,not explicitly established in sources reviewed,,https://seedracks.southernexposure.com/products/sugar-daddy-pea-snap-seed-packet,,"supplier cultivar claim; no claim means unknown, not susceptible",https://seedracks.southernexposure.com/products/sugar-daddy-pea-snap-seed-packet,"supplier tag or explicit adaptation statement, not a regional trial",crop season classification unless supplier cultivar claim is stated
15507 - Sugar Ann,https://seedracks.southernexposure.com/products/sugar-ann-pea-snap-dwarf-seed-packet,https://extension.umn.edu/vegetables/growing-peas,https://www.extension.umd.edu/resource/when-plant-vegetables,https://extension.umn.edu/vegetables/growing-peas,https://seedracks.southernexposure.com/products.json?limit=250&page=1,6494038087,20719153415,2026-10-05,"Soil and water are crop-level guidance. Maturity and disease claims refer to the named cultivar. Regional tags are supplier guidance, not local trial verification. Price is a conditional wholesale unit quote.",https://seedracks.southernexposure.com/pages/pricing,2027 season wholesale Guaranteed Sale Tier 1 unit quote; season-opening order 150-399 total packets; not a one-packet retail offer,true,"crop-level university guidance, not a cultivar soil trial","crop-level university guidance, not a cultivar irrigation trial",https://extension.umn.edu/vegetables/growing-peas,https://seedracks.southernexposure.com/products/sugar-ann-pea-snap-dwarf-seed-packet,supplier product description,not explicitly established in sources reviewed,,https://seedracks.southernexposure.com/products/sugar-ann-pea-snap-dwarf-seed-packet,,"supplier cultivar claim; no claim means unknown, not susceptible",https://seedracks.southernexposure.com/products/sugar-ann-pea-snap-dwarf-seed-packet,"supplier tag or explicit adaptation statement, not a regional trial",crop season classification unless supplier cultivar claim is stated
46101 - Bull Nose (Large Sweet Spanish),https://seedracks.southernexposure.com/products/bull-nose-pepper-bell-sweet-seed-packet,https://extension.umn.edu/vegetables/growing-peppers,https://www.extension.umd.edu/resource/when-plant-vegetables,https://www.extension.umd.edu/resource/growing-peppers-home-garden,https://seedracks.southernexposure.com/products.json?limit=250&page=1,6494565191,20720386503,2026-10-05,"Soil and water are crop-level guidance. Maturity and disease claims refer to the named cultivar. Regional tags are supplier guidance, not local trial verification. Price is a conditional wholesale unit quote.",https://seedracks.southernexposure.com/pages/pricing,2027 season wholesale Guaranteed Sale Tier 1 unit quote; season-opening order 150-399 total packets; not a one-packet retail offer,true,"crop-level university guidance, not a cultivar soil trial","crop-level university guidance, not a cultivar irrigation trial",https://extension.umn.edu/vegetables/growing-peppers,https://seedracks.southernexposure.com/products/bull-nose-pepper-bell-sweet-seed-packet,supplier product description,not explicitly established in sources reviewed,,https://seedracks.southernexposure.com/products/bull-nose-pepper-bell-sweet-seed-packet,,"supplier cultivar claim; no claim means unknown, not susceptible",https://seedracks.southernexposure.com/products/bull-nose-pepper-bell-sweet-seed-packet,"supplier tag or explicit adaptation statement, not a regional trial",crop season classification unless supplier cultivar claim is stated
46102 - California Wonder,https://seedracks.southernexposure.com/products/california-wonder-pepper-bell-sweet,https://extension.umn.edu/vegetables/growing-peppers,https://www.extension.umd.edu/resource/when-plant-vegetables,https://www.extension.umd.edu/resource/growing-peppers-home-garden,https://seedracks.southernexposure.com/products.json?limit=250&page=2,6494069255,20719228551,2026-10-05,"Soil and water are crop-level guidance. Maturity and disease claims refer to the named cultivar. Regional tags are supplier guidance, not local trial verification. Price is a conditional wholesale unit quote.",https://seedracks.southernexposure.com/pages/pricing,2027 season wholesale Guaranteed Sale Tier 1 unit quote; season-opening order 150-399 total packets; not a one-packet retail offer,true,"crop-level university guidance, not a cultivar soil trial","crop-level university guidance, not a cultivar irrigation trial",https://extension.umn.edu/vegetables/growing-peppers,https://seedracks.southernexposure.com/products/california-wonder-pepper-bell-sweet,supplier product description,not explicitly established in sources reviewed,,https://seedracks.southernexposure.com/products/california-wonder-pepper-bell-sweet,,"supplier cultivar claim; no claim means unknown, not susceptible",https://seedracks.southernexposure.com/products/california-wonder-pepper-bell-sweet,"supplier tag or explicit adaptation statement, not a regional trial",crop season classification unless supplier cultivar claim is stated
46103 - Sweet Chocolate (Choco),https://seedracks.southernexposure.com/products/sweet-chocolate-choco-pepper-bell-sweet-seed-packet,https://extension.umn.edu/vegetables/growing-peppers,https://www.extension.umd.edu/resource/when-plant-vegetables,https://www.extension.umd.edu/resource/growing-peppers-home-garden,https://seedracks.southernexposure.com/products.json?limit=250&page=2,6494070791,20719232327,2026-10-05,"Soil and water are crop-level guidance. Maturity and disease claims refer to the named cultivar. Regional tags are supplier guidance, not local trial verification. Price is a conditional wholesale unit quote.",https://seedracks.southernexposure.com/pages/pricing,2027 season wholesale Guaranteed Sale Tier 1 unit quote; season-opening order 150-399 total packets; not a one-packet retail offer,true,"crop-level university guidance, not a cultivar soil trial","crop-level university guidance, not a cultivar irrigation trial",https://extension.umn.edu/vegetables/growing-peppers,https://seedracks.southernexposure.com/products/sweet-chocolate-choco-pepper-bell-sweet-seed-packet,supplier product description,not explicitly established in sources reviewed,,https://seedracks.southernexposure.com/products/sweet-chocolate-choco-pepper-bell-sweet-seed-packet,,"supplier cultivar claim; no claim means unknown, not susceptible",https://seedracks.southernexposure.com/products/sweet-chocolate-choco-pepper-bell-sweet-seed-packet,"supplier tag or explicit adaptation statement, not a regional trial",crop season classification unless supplier cultivar claim is stated
46105 - Golden Cal Wonder,https://seedracks.southernexposure.com/products/golden-calwonder-pepper-bell-sweet,https://extension.umn.edu/vegetables/growing-peppers,https://www.extension.umd.edu/resource/when-plant-vegetables,https://www.extension.umd.edu/resource/growing-peppers-home-garden,https://seedracks.southernexposure.com/products.json?limit=250&page=1,6494071751,20719233991,2026-10-05,"Soil and water are crop-level guidance. Maturity and disease claims refer to the named cultivar. Regional tags are supplier guidance, not local trial verification. Price is a conditional wholesale unit quote.",https://seedracks.southernexposure.com/pages/pricing,2027 season wholesale Guaranteed Sale Tier 1 unit quote; season-opening order 150-399 total packets; not a one-packet retail offer,false,"crop-level university guidance, not a cultivar soil trial","crop-level university guidance, not a cultivar irrigation trial",https://extension.umn.edu/vegetables/growing-peppers,https://seedracks.southernexposure.com/products/golden-calwonder-pepper-bell-sweet,supplier product description,not explicitly established in sources reviewed,,https://seedracks.southernexposure.com/products/golden-calwonder-pepper-bell-sweet,,"supplier cultivar claim; no claim means unknown, not susceptible",https://seedracks.southernexposure.com/products/golden-calwonder-pepper-bell-sweet,"supplier tag or explicit adaptation statement, not a regional trial",crop season classification unless supplier cultivar claim is stated
46106 - Keystone Resistant Giant,https://seedracks.southernexposure.com/products/keystone-resistant-giant-pepper-bell-sweet,https://extension.umn.edu/vegetables/growing-peppers,https://www.extension.umd.edu/resource/when-plant-vegetables,https://www.extension.umd.edu/resource/growing-peppers-home-garden,https://seedracks.southernexposure.com/products.json?limit=250&page=2,6494083847,20719272583,2026-10-05,"Soil and water are crop-level guidance. Maturity and disease claims refer to the named cultivar. Regional tags are supplier guidance, not local trial verification. Price is a conditional wholesale unit quote.",https://seedracks.southernexposure.com/pages/pricing,2027 season wholesale Guaranteed Sale Tier 1 unit quote; season-opening order 150-399 total packets; not a one-packet retail offer,true,"crop-level university guidance, not a cultivar soil trial","crop-level university guidance, not a cultivar irrigation trial",https://extension.umn.edu/vegetables/growing-peppers,https://seedracks.southernexposure.com/products/keystone-resistant-giant-pepper-bell-sweet,supplier product description,not explicitly established in sources reviewed,,https://seedracks.southernexposure.com/products/keystone-resistant-giant-pepper-bell-sweet,,"supplier cultivar claim; no claim means unknown, not susceptible",https://seedracks.southernexposure.com/products/keystone-resistant-giant-pepper-bell-sweet,"supplier tag or explicit adaptation statement, not a regional trial",crop season classification unless supplier cultivar claim is stated
46108 - World Beater (Ruby Giant),https://seedracks.southernexposure.com/products/world-beater-ruby-giant-pepper-bell-sweet-seed-packet,https://extension.umn.edu/vegetables/growing-peppers,https://www.extension.umd.edu/resource/when-plant-vegetables,https://www.extension.umd.edu/resource/growing-peppers-home-garden,https://seedracks.southernexposure.com/products.json?limit=250&page=2,6494084871,20719274695,2026-10-05,"Soil and water are crop-level guidance. Maturity and disease claims refer to the named cultivar. Regional tags are supplier guidance, not local trial verification. Price is a conditional wholesale unit quote.",https://seedracks.southernexposure.com/pages/pricing,2027 season wholesale Guaranteed Sale Tier 1 unit quote; season-opening order 150-399 total packets; not a one-packet retail offer,true,"crop-level university guidance, not a cultivar soil trial","crop-level university guidance, not a cultivar irrigation trial",https://extension.umn.edu/vegetables/growing-peppers,https://seedracks.southernexposure.com/products/world-beater-ruby-giant-pepper-bell-sweet-seed-packet,supplier product description,not explicitly established in sources reviewed,,https://seedracks.southernexposure.com/products/world-beater-ruby-giant-pepper-bell-sweet-seed-packet,,"supplier cultivar claim; no claim means unknown, not susceptible",https://seedracks.southernexposure.com/products/world-beater-ruby-giant-pepper-bell-sweet-seed-packet,"supplier tag or explicit adaptation statement, not a regional trial",crop season classification unless supplier cultivar claim is stated
46109 - Yellow Belle,https://seedracks.southernexposure.com/products/yellow-belle-pepper-bell-sweet-seed-packet,https://extension.umn.edu/vegetables/growing-peppers,https://www.extension.umd.edu/resource/when-plant-vegetables,https://www.extension.umd.edu/resource/growing-peppers-home-garden,https://seedracks.southernexposure.com/products.json?limit=250&page=1,6494085575,20719276039,2026-10-05,"Soil and water are crop-level guidance. Maturity and disease claims refer to the named cultivar. Regional tags are supplier guidance, not local trial verification. Price is a conditional wholesale unit quote.",https://seedracks.southernexposure.com/pages/pricing,2027 season wholesale Guaranteed Sale Tier 1 unit quote; season-opening order 150-399 total packets; not a one-packet retail offer,true,"crop-level university guidance, not a cultivar soil trial","crop-level university guidance, not a cultivar irrigation trial",https://extension.umn.edu/vegetables/growing-peppers,https://seedracks.southernexposure.com/products/yellow-belle-pepper-bell-sweet-seed-packet,supplier product description,not explicitly established in sources reviewed,,https://seedracks.southernexposure.com/products/yellow-belle-pepper-bell-sweet-seed-packet,,"supplier cultivar claim; no claim means unknown, not susceptible",https://seedracks.southernexposure.com/products/yellow-belle-pepper-bell-sweet-seed-packet,"supplier tag or explicit adaptation statement, not a regional trial",crop season classification unless supplier cultivar claim is stated
46110 - Marconi,https://seedracks.southernexposure.com/products/marconi-pepper-bell-sweet-seed-packet,https://extension.umn.edu/vegetables/growing-peppers,https://www.extension.umd.edu/resource/when-plant-vegetables,https://www.extension.umd.edu/resource/growing-peppers-home-garden,https://seedracks.southernexposure.com/products.json?limit=250&page=2,6494087047,20719278023,2026-10-05,"Soil and water are crop-level guidance. Maturity and disease claims refer to the named cultivar. Regional tags are supplier guidance, not local trial verification. Price is a conditional wholesale unit quote.",https://seedracks.southernexposure.com/pages/pricing,2027 season wholesale Guaranteed Sale Tier 1 unit quote; season-opening order 150-399 total packets; not a one-packet retail offer,true,"crop-level university guidance, not a cultivar soil trial","crop-level university guidance, not a cultivar irrigation trial",https://extension.umn.edu/vegetables/growing-peppers,https://seedracks.southernexposure.com/products/marconi-pepper-bell-sweet-seed-packet,supplier product description,not explicitly established in sources reviewed,,https://seedracks.southernexposure.com/products/marconi-pepper-bell-sweet-seed-packet,,"supplier cultivar claim; no claim means unknown, not susceptible",https://seedracks.southernexposure.com/products/marconi-pepper-bell-sweet-seed-packet,"supplier tag or explicit adaptation statement, not a regional trial",crop-level season plus explicit supplier cultivar adaptation statement
46111 - Sweet Banana (Long Sweet Hungarian),https://seedracks.southernexposure.com/products/sweet-banana-long-sweet-hungarian-pepper-frying-seed-packet,https://extension.umn.edu/vegetables/growing-peppers,https://www.extension.umd.edu/resource/when-plant-vegetables,https://www.extension.umd.edu/resource/growing-peppers-home-garden,https://seedracks.southernexposure.com/products.json?limit=250&page=2,6494087623,20719278535,2026-10-05,"Soil and water are crop-level guidance. Maturity and disease claims refer to the named cultivar. Regional tags are supplier guidance, not local trial verification. Price is a conditional wholesale unit quote.",https://seedracks.southernexposure.com/pages/pricing,2027 season wholesale Guaranteed Sale Tier 1 unit quote; season-opening order 150-399 total packets; not a one-packet retail offer,false,"crop-level university guidance, not a cultivar soil trial","crop-level university guidance, not a cultivar irrigation trial",https://extension.umn.edu/vegetables/growing-peppers,https://seedracks.southernexposure.com/products/sweet-banana-long-sweet-hungarian-pepper-frying-seed-packet,supplier product description,not explicitly established in sources reviewed,,https://seedracks.southernexposure.com/products/sweet-banana-long-sweet-hungarian-pepper-frying-seed-packet,,"supplier cultivar claim; no claim means unknown, not susceptible",https://seedracks.southernexposure.com/products/sweet-banana-long-sweet-hungarian-pepper-frying-seed-packet,"supplier tag or explicit adaptation statement, not a regional trial",crop season classification unless supplier cultivar claim is stated
46117 - Hungarian Paprika,https://seedracks.southernexposure.com/products/hungarian-paprika-pepper-spice-seed-packet,https://extension.umn.edu/vegetables/growing-peppers,https://www.extension.umd.edu/resource/when-plant-vegetables,https://www.extension.umd.edu/resource/growing-peppers-home-garden,https://seedracks.southernexposure.com/products.json?limit=250&page=1,6494590151,20720426567,2026-10-05,"Soil and water are crop-level guidance. Maturity and disease claims refer to the named cultivar. Regional tags are supplier guidance, not local trial verification. Price is a conditional wholesale unit quote.",https://seedracks.southernexposure.com/pages/pricing,2027 season wholesale Guaranteed Sale Tier 1 unit quote; season-opening order 150-399 total packets; not a one-packet retail offer,true,"crop-level university guidance, not a cultivar soil trial","crop-level university guidance, not a cultivar irrigation trial",https://extension.umn.edu/vegetables/growing-peppers,https://seedracks.southernexposure.com/products/hungarian-paprika-pepper-spice-seed-packet,supplier product description,not explicitly established in sources reviewed,,https://seedracks.southernexposure.com/products/hungarian-paprika-pepper-spice-seed-packet,,"supplier cultivar claim; no claim means unknown, not susceptible",https://seedracks.southernexposure.com/products/hungarian-paprika-pepper-spice-seed-packet,"supplier tag or explicit adaptation statement, not a regional trial",crop season classification unless supplier cultivar claim is stated
46120 - Orange Bell,https://seedracks.southernexposure.com/products/orange-bell-pepper-bell-sweet-seed-packet,https://extension.umn.edu/vegetables/growing-peppers,https://www.extension.umd.edu/resource/when-plant-vegetables,https://www.extension.umd.edu/resource/growing-peppers-home-garden,https://seedracks.southernexposure.com/products.json?limit=250&page=2,6494092423,20719287879,2026-10-05,"Soil and water are crop-level guidance. Maturity and disease claims refer to the named cultivar. Regional tags are supplier guidance, not local trial verification. Price is a conditional wholesale unit quote.",https://seedracks.southernexposure.com/pages/pricing,2027 season wholesale Guaranteed Sale Tier 1 unit quote; season-opening order 150-399 total packets; not a one-packet retail offer,true,"crop-level university guidance, not a cultivar soil trial","crop-level university guidance, not a cultivar irrigation trial",https://extension.umn.edu/vegetables/growing-peppers,https://seedracks.southernexposure.com/products/orange-bell-pepper-bell-sweet-seed-packet,supplier product description,not explicitly established in sources reviewed,,https://seedracks.southernexposure.com/products/orange-bell-pepper-bell-sweet-seed-packet,,"supplier cultivar claim; no claim means unknown, not susceptible",https://seedracks.southernexposure.com/products/orange-bell-pepper-bell-sweet-seed-packet,"supplier tag or explicit adaptation statement, not a regional trial",crop season classification unless supplier cultivar claim is stated
46122 - Jimmy Nardello's Italian,https://seedracks.southernexposure.com/products/jimmy-nardellos-italian-pepper-sweet-drying-seed-packet,https://extension.umn.edu/vegetables/growing-peppers,https://www.extension.umd.edu/resource/when-plant-vegetables,https://www.extension.umd.edu/resource/growing-peppers-home-garden,https://seedracks.southernexposure.com/products.json?limit=250&page=2,6494101255,20719302663,2026-10-05,"Soil and water are crop-level guidance. Maturity and disease claims refer to the named cultivar. Regional tags are supplier guidance, not local trial verification. Price is a conditional wholesale unit quote.",https://seedracks.southernexposure.com/pages/pricing,2027 season wholesale Guaranteed Sale Tier 1 unit quote; season-opening order 150-399 total packets; not a one-packet retail offer,true,"crop-level university guidance, not a cultivar soil trial","crop-level university guidance, not a cultivar irrigation trial",https://extension.umn.edu/vegetables/growing-peppers,https://seedracks.southernexposure.com/products/jimmy-nardellos-italian-pepper-sweet-drying-seed-packet,supplier product description,not explicitly established in sources reviewed,,https://seedracks.southernexposure.com/products/jimmy-nardellos-italian-pepper-sweet-drying-seed-packet,,"supplier cultivar claim; no claim means unknown, not susceptible",https://seedracks.southernexposure.com/products/jimmy-nardellos-italian-pepper-sweet-drying-seed-packet,"supplier tag or explicit adaptation statement, not a regional trial",crop season classification unless supplier cultivar claim is stated
46123 - Carolina Wonder,https://seedracks.southernexposure.com/products/carolina-wonder-pepper-bell-sweet-seed-packet,https://extension.umn.edu/vegetables/growing-peppers,https://www.extension.umd.edu/resource/when-plant-vegetables,https://www.extension.umd.edu/resource/growing-peppers-home-garden,https://seedracks.southernexposure.com/products.json?limit=250&page=2,6494101767,20719303367,2026-10-05,"Soil and water are crop-level guidance. Maturity and disease claims refer to the named cultivar. Regional tags are supplier guidance, not local trial verification. Price is a conditional wholesale unit quote.",https://seedracks.southernexposure.com/pages/pricing,2027 season wholesale Guaranteed Sale Tier 1 unit quote; season-opening order 150-399 total packets; not a one-packet retail offer,true,"crop-level university guidance, not a cultivar soil trial","crop-level university guidance, not a cultivar irrigation trial",https://extension.umn.edu/vegetables/growing-peppers,https://seedracks.southernexposure.com/products/carolina-wonder-pepper-bell-sweet-seed-packet,supplier product description,not explicitly established in sources reviewed,,https://seedracks.southernexposure.com/products/carolina-wonder-pepper-bell-sweet-seed-packet,,"supplier cultivar claim; no claim means unknown, not susceptible",https://seedracks.southernexposure.com/products/carolina-wonder-pepper-bell-sweet-seed-packet,"supplier tag or explicit adaptation statement, not a regional trial",crop season classification unless supplier cultivar claim is stated
46124 - Feherozon,https://seedracks.southernexposure.com/products/feherozon-pepper-bell-sweet-seed-packet,https://extension.umn.edu/vegetables/growing-peppers,https://www.extension.umd.edu/resource/when-plant-vegetables,https://www.extension.umd.edu/resource/growing-peppers-home-garden,https://seedracks.southernexposure.com/products.json?limit=250&page=2,6494106183,20719314375,2026-10-05,"Soil and water are crop-level guidance. Maturity and disease claims refer to the named cultivar. Regional tags are supplier guidance, not local trial verification. Price is a conditional wholesale unit quote.",https://seedracks.southernexposure.com/pages/pricing,2027 season wholesale Guaranteed Sale Tier 1 unit quote; season-opening order 150-399 total packets; not a one-packet retail offer,true,"crop-level university guidance, not a cultivar soil trial","crop-level university guidance, not a cultivar irrigation trial",https://extension.umn.edu/vegetables/growing-peppers,https://seedracks.southernexposure.com/products/feherozon-pepper-bell-sweet-seed-packet,supplier product description,not explicitly established in sources reviewed,,https://seedracks.southernexposure.com/products/feherozon-pepper-bell-sweet-seed-packet,,"supplier cultivar claim; no claim means unknown, not susceptible",https://seedracks.southernexposure.com/products/feherozon-pepper-bell-sweet-seed-packet,"supplier tag or explicit adaptation statement, not a regional trial",crop season classification unless supplier cultivar claim is stated
46126 - Doe Hill Golden Bell,https://seedracks.southernexposure.com/products/doe-hill-golden-bell-pepper-frying-seed-packet,https://extension.umn.edu/vegetables/growing-peppers,https://www.extension.umd.edu/resource/when-plant-vegetables,https://www.extension.umd.edu/resource/growing-peppers-home-garden,https://seedracks.southernexposure.com/products.json?limit=250&page=1,6494592775,20720431367,2026-10-05,"Soil and water are crop-level guidance. Maturity and disease claims refer to the named cultivar. Regional tags are supplier guidance, not local trial verification. Price is a conditional wholesale unit quote.",https://seedracks.southernexposure.com/pages/pricing,2027 season wholesale Guaranteed Sale Tier 1 unit quote; season-opening order 150-399 total packets; not a one-packet retail offer,true,"crop-level university guidance, not a cultivar soil trial","crop-level university guidance, not a cultivar irrigation trial",https://extension.umn.edu/vegetables/growing-peppers,https://seedracks.southernexposure.com/products/doe-hill-golden-bell-pepper-frying-seed-packet,supplier product description,not explicitly established in sources reviewed,,https://seedracks.southernexposure.com/products/doe-hill-golden-bell-pepper-frying-seed-packet,,"supplier cultivar claim; no claim means unknown, not susceptible",https://seedracks.southernexposure.com/products/doe-hill-golden-bell-pepper-frying-seed-packet,"supplier tag or explicit adaptation statement, not a regional trial",crop season classification unless supplier cultivar claim is stated
46136 - Ashe County Pimento,https://seedracks.southernexposure.com/products/ashe-county-pimento-pepper-spice-seed-packet,https://extension.umn.edu/vegetables/growing-peppers,https://www.extension.umd.edu/resource/when-plant-vegetables,https://www.extension.umd.edu/resource/growing-peppers-home-garden,https://seedracks.southernexposure.com/products.json?limit=250&page=2,6493498119,20717770183,2026-10-05,"Soil and water are crop-level guidance. Maturity and disease claims refer to the named cultivar. Regional tags are supplier guidance, not local trial verification. Price is a conditional wholesale unit quote.",https://seedracks.southernexposure.com/pages/pricing,2027 season wholesale Guaranteed Sale Tier 1 unit quote; season-opening order 150-399 total packets; not a one-packet retail offer,true,"crop-level university guidance, not a cultivar soil trial","crop-level university guidance, not a cultivar irrigation trial",https://extension.umn.edu/vegetables/growing-peppers,https://seedracks.southernexposure.com/products/ashe-county-pimento-pepper-spice-seed-packet,supplier product description,not explicitly established in sources reviewed,,https://seedracks.southernexposure.com/products/ashe-county-pimento-pepper-spice-seed-packet,,"supplier cultivar claim; no claim means unknown, not susceptible",https://seedracks.southernexposure.com/products/ashe-county-pimento-pepper-spice-seed-packet,"supplier tag or explicit adaptation statement, not a regional trial",crop season classification unless supplier cultivar claim is stated
46140 - Purple Beauty,https://seedracks.southernexposure.com/products/purple-beauty,https://extension.umn.edu/vegetables/growing-peppers,https://www.extension.umd.edu/resource/when-plant-vegetables,https://www.extension.umd.edu/resource/growing-peppers-home-garden,https://seedracks.southernexposure.com/products.json?limit=250&page=1,6494643079,20720514439,2026-10-05,"Soil and water are crop-level guidance. Maturity and disease claims refer to the named cultivar. Regional tags are supplier guidance, not local trial verification. Price is a conditional wholesale unit quote.",https://seedracks.southernexposure.com/pages/pricing,2027 season wholesale Guaranteed Sale Tier 1 unit quote; season-opening order 150-399 total packets; not a one-packet retail offer,true,"crop-level university guidance, not a cultivar soil trial","crop-level university guidance, not a cultivar irrigation trial",https://extension.umn.edu/vegetables/growing-peppers,https://seedracks.southernexposure.com/products/purple-beauty,supplier product description,not explicitly established in sources reviewed,,https://seedracks.southernexposure.com/products/purple-beauty,,"supplier cultivar claim; no claim means unknown, not susceptible",https://seedracks.southernexposure.com/products/purple-beauty,"supplier tag or explicit adaptation statement, not a regional trial",crop season classification unless supplier cultivar claim is stated
46501 - Anaheim Chile,https://seedracks.southernexposure.com/products/anaheim-chile-pepper-hot,https://extension.umn.edu/vegetables/growing-peppers,https://www.extension.umd.edu/resource/when-plant-vegetables,https://www.extension.umd.edu/resource/growing-peppers-home-garden,https://seedracks.southernexposure.com/products.json?limit=250&page=2,6494040263,20719160327,2026-10-05,"Soil and water are crop-level guidance. Maturity and disease claims refer to the named cultivar. Regional tags are supplier guidance, not local trial verification. Price is a conditional wholesale unit quote.",https://seedracks.southernexposure.com/pages/pricing,2027 season wholesale Guaranteed Sale Tier 1 unit quote; season-opening order 150-399 total packets; not a one-packet retail offer,true,"crop-level university guidance, not a cultivar soil trial","crop-level university guidance, not a cultivar irrigation trial",https://extension.umn.edu/vegetables/growing-peppers,https://seedracks.southernexposure.com/products/anaheim-chile-pepper-hot,supplier product description,not explicitly established in sources reviewed,,https://seedracks.southernexposure.com/products/anaheim-chile-pepper-hot,,"supplier cultivar claim; no claim means unknown, not susceptible",https://seedracks.southernexposure.com/products/anaheim-chile-pepper-hot,"supplier tag or explicit adaptation statement, not a regional trial",crop season classification unless supplier cultivar claim is stated
"46504 - Cayenne, Long Red",https://seedracks.southernexposure.com/products/cayenne-long-red-pepper-hot,https://extension.umn.edu/vegetables/growing-peppers,https://www.extension.umd.edu/resource/when-plant-vegetables,https://www.extension.umd.edu/resource/growing-peppers-home-garden,https://seedracks.southernexposure.com/products.json?limit=250&page=2,6494040903,20719161479,2026-10-05,"Soil and water are crop-level guidance. Maturity and disease claims refer to the named cultivar. Regional tags are supplier guidance, not local trial verification. Price is a conditional wholesale unit quote.",https://seedracks.southernexposure.com/pages/pricing,2027 season wholesale Guaranteed Sale Tier 1 unit quote; season-opening order 150-399 total packets; not a one-packet retail offer,true,"crop-level university guidance, not a cultivar soil trial","crop-level university guidance, not a cultivar irrigation trial",https://extension.umn.edu/vegetables/growing-peppers,https://seedracks.southernexposure.com/products/cayenne-long-red-pepper-hot,supplier product description,not explicitly established in sources reviewed,,https://seedracks.southernexposure.com/products/cayenne-long-red-pepper-hot,,"supplier cultivar claim; no claim means unknown, not susceptible",https://seedracks.southernexposure.com/products/cayenne-long-red-pepper-hot,"supplier tag or explicit adaptation statement, not a regional trial",crop season classification unless supplier cultivar claim is stated
46506 - Habanero,https://seedracks.southernexposure.com/products/habanero-pepper-hot,https://extension.umn.edu/vegetables/growing-peppers,https://www.extension.umd.edu/resource/when-plant-vegetables,https://www.extension.umd.edu/resource/growing-peppers-home-garden,https://seedracks.southernexposure.com/products.json?limit=250&page=2,6494042183,20719162695,2026-10-05,"Soil and water are crop-level guidance. Maturity and disease claims refer to the named cultivar. Regional tags are supplier guidance, not local trial verification. Price is a conditional wholesale unit quote.",https://seedracks.southernexposure.com/pages/pricing,2027 season wholesale Guaranteed Sale Tier 1 unit quote; season-opening order 150-399 total packets; not a one-packet retail offer,true,"crop-level university guidance, not a cultivar soil trial","crop-level university guidance, not a cultivar irrigation trial",https://extension.umn.edu/vegetables/growing-peppers,https://seedracks.southernexposure.com/products/habanero-pepper-hot,supplier product description,not explicitly established in sources reviewed,,https://seedracks.southernexposure.com/products/habanero-pepper-hot,,"supplier cultivar claim; no claim means unknown, not susceptible",https://seedracks.southernexposure.com/products/habanero-pepper-hot,"supplier tag or explicit adaptation statement, not a regional trial",crop season classification unless supplier cultivar claim is stated
46508 - Jalapeño,https://seedracks.southernexposure.com/products/jalapeno,https://extension.umn.edu/vegetables/growing-peppers,https://www.extension.umd.edu/resource/when-plant-vegetables,https://www.extension.umd.edu/resource/growing-peppers-home-garden,https://seedracks.southernexposure.com/products.json?limit=250&page=2,6494045383,20719166727,2026-10-05,"Soil and water are crop-level guidance. Maturity and disease claims refer to the named cultivar. Regional tags are supplier guidance, not local trial verification. Price is a conditional wholesale unit quote.",https://seedracks.southernexposure.com/pages/pricing,2027 season wholesale Guaranteed Sale Tier 1 unit quote; season-opening order 150-399 total packets; not a one-packet retail offer,true,"crop-level university guidance, not a cultivar soil trial","crop-level university guidance, not a cultivar irrigation trial",https://extension.umn.edu/vegetables/growing-peppers,https://seedracks.southernexposure.com/products/jalapeno,supplier product description,not explicitly established in sources reviewed,,https://seedracks.southernexposure.com/products/jalapeno,,"supplier cultivar claim; no claim means unknown, not susceptible",https://seedracks.southernexposure.com/products/jalapeno,"supplier tag or explicit adaptation statement, not a regional trial",crop season classification unless supplier cultivar claim is stated
46512 - Serrano Tampiqueno,https://seedracks.southernexposure.com/products/serrano-tampiqueno-pepper-hot-seed-packet,https://extension.umn.edu/vegetables/growing-peppers,https://www.extension.umd.edu/resource/when-plant-vegetables,https://www.extension.umd.edu/resource/growing-peppers-home-garden,https://seedracks.southernexposure.com/products.json?limit=250&page=2,6494060807,20719207751,2026-10-05,"Soil and water are crop-level guidance. Maturity and disease claims refer to the named cultivar. Regional tags are supplier guidance, not local trial verification. Price is a conditional wholesale unit quote.",https://seedracks.southernexposure.com/pages/pricing,2027 season wholesale Guaranteed Sale Tier 1 unit quote; season-opening order 150-399 total packets; not a one-packet retail offer,true,"crop-level university guidance, not a cultivar soil trial","crop-level university guidance, not a cultivar irrigation trial",https://extension.umn.edu/vegetables/growing-peppers,https://seedracks.southernexposure.com/products/serrano-tampiqueno-pepper-hot-seed-packet,supplier product description,not explicitly established in sources reviewed,,https://seedracks.southernexposure.com/products/serrano-tampiqueno-pepper-hot-seed-packet,,"supplier cultivar claim; no claim means unknown, not susceptible",https://seedracks.southernexposure.com/products/serrano-tampiqueno-pepper-hot-seed-packet,"supplier tag or explicit adaptation statement, not a regional trial",crop season classification unless supplier cultivar claim is stated
46517 - Chinese Five-Color,https://seedracks.southernexposure.com/products/chinese-five-color-pepper-hot-seed-packet,https://extension.umn.edu/vegetables/growing-peppers,https://www.extension.umd.edu/resource/when-plant-vegetables,https://www.extension.umd.edu/resource/growing-peppers-home-garden,https://seedracks.southernexposure.com/products.json?limit=250&page=1,6494581959,20720416135,2026-10-05,"Soil and water are crop-level guidance. Maturity and disease claims refer to the named cultivar. Regional tags are supplier guidance, not local trial verification. Price is a conditional wholesale unit quote.",https://seedracks.southernexposure.com/pages/pricing,2027 season wholesale Guaranteed Sale Tier 1 unit quote; season-opening order 150-399 total packets; not a one-packet retail offer,true,"crop-level university guidance, not a cultivar soil trial","crop-level university guidance, not a cultivar irrigation trial",https://extension.umn.edu/vegetables/growing-peppers,https://seedracks.southernexposure.com/products/chinese-five-color-pepper-hot-seed-packet,supplier product description,not explicitly established in sources reviewed,,https://seedracks.southernexposure.com/products/chinese-five-color-pepper-hot-seed-packet,,"supplier cultivar claim; no claim means unknown, not susceptible",https://seedracks.southernexposure.com/products/chinese-five-color-pepper-hot-seed-packet,"supplier tag or explicit adaptation statement, not a regional trial",crop season classification unless supplier cultivar claim is stated
46518 - Fish,https://seedracks.southernexposure.com/products/fish-pepper-hot,https://extension.umn.edu/vegetables/growing-peppers,https://www.extension.umd.edu/resource/when-plant-vegetables,https://www.extension.umd.edu/resource/growing-peppers-home-garden,https://seedracks.southernexposure.com/products.json?limit=250&page=1,6494065799,20719222343,2026-10-05,"Soil and water are crop-level guidance. Maturity and disease claims refer to the named cultivar. Regional tags are supplier guidance, not local trial verification. Price is a conditional wholesale unit quote.",https://seedracks.southernexposure.com/pages/pricing,2027 season wholesale Guaranteed Sale Tier 1 unit quote; season-opening order 150-399 total packets; not a one-packet retail offer,true,"crop-level university guidance, not a cultivar soil trial","crop-level university guidance, not a cultivar irrigation trial",https://extension.umn.edu/vegetables/growing-peppers,https://seedracks.southernexposure.com/products/fish-pepper-hot,supplier product description,not explicitly established in sources reviewed,,https://seedracks.southernexposure.com/products/fish-pepper-hot,,"supplier cultivar claim; no claim means unknown, not susceptible",https://seedracks.southernexposure.com/products/fish-pepper-hot,"supplier tag or explicit adaptation statement, not a regional trial",crop-level season plus explicit supplier cultivar adaptation statement
"46521 - Cayenne, Carolina",https://seedracks.southernexposure.com/products/carolina-cayenne-pepper-hot,https://extension.umn.edu/vegetables/growing-peppers,https://www.extension.umd.edu/resource/when-plant-vegetables,https://www.extension.umd.edu/resource/growing-peppers-home-garden,https://seedracks.southernexposure.com/products.json?limit=250&page=1,6494644359,20720517639,2026-10-05,"Soil and water are crop-level guidance. Maturity and disease claims refer to the named cultivar. Regional tags are supplier guidance, not local trial verification. Price is a conditional wholesale unit quote.",https://seedracks.southernexposure.com/pages/pricing,2027 season wholesale Guaranteed Sale Tier 1 unit quote; season-opening order 150-399 total packets; not a one-packet retail offer,true,"crop-level university guidance, not a cultivar soil trial","crop-level university guidance, not a cultivar irrigation trial",https://extension.umn.edu/vegetables/growing-peppers,https://seedracks.southernexposure.com/products/carolina-cayenne-pepper-hot,supplier product description,not explicitly established in sources reviewed,,https://seedracks.southernexposure.com/products/carolina-cayenne-pepper-hot,,"supplier cultivar claim; no claim means unknown, not susceptible",https://seedracks.southernexposure.com/products/carolina-cayenne-pepper-hot,"supplier tag or explicit adaptation statement, not a regional trial",crop season classification unless supplier cultivar claim is stated
46524 - Ancho Poblano,https://seedracks.southernexposure.com/products/ancho-poblano-pepper-hot-seed-packet,https://extension.umn.edu/vegetables/growing-peppers,https://www.extension.umd.edu/resource/when-plant-vegetables,https://www.extension.umd.edu/resource/growing-peppers-home-garden,https://seedracks.southernexposure.com/products.json?limit=250&page=1,6494668679,20720561991,2026-10-05,"Soil and water are crop-level guidance. Maturity and disease claims refer to the named cultivar. Regional tags are supplier guidance, not local trial verification. Price is a conditional wholesale unit quote.",https://seedracks.southernexposure.com/pages/pricing,2027 season wholesale Guaranteed Sale Tier 1 unit quote; season-opening order 150-399 total packets; not a one-packet retail offer,true,"crop-level university guidance, not a cultivar soil trial","crop-level university guidance, not a cultivar irrigation trial",https://extension.umn.edu/vegetables/growing-peppers,https://seedracks.southernexposure.com/products/ancho-poblano-pepper-hot-seed-packet,supplier product description,not explicitly established in sources reviewed,,https://seedracks.southernexposure.com/products/ancho-poblano-pepper-hot-seed-packet,,"supplier cultivar claim; no claim means unknown, not susceptible",https://seedracks.southernexposure.com/products/ancho-poblano-pepper-hot-seed-packet,"supplier tag or explicit adaptation statement, not a regional trial",crop season classification unless supplier cultivar claim is stated
46526 - Aji Chinchi Amarillo Hot Pepper,https://seedracks.southernexposure.com/products/aji-chinchi-amarillo-hot-pepper,https://extension.umn.edu/vegetables/growing-peppers,https://www.extension.umd.edu/resource/when-plant-vegetables,https://www.extension.umd.edu/resource/growing-peppers-home-garden,https://seedracks.southernexposure.com/products.json?limit=250&page=1,2047026430019,18755074261059,2026-10-05,"Soil and water are crop-level guidance. Maturity and disease claims refer to the named cultivar. Regional tags are supplier guidance, not local trial verification. Price is a conditional wholesale unit quote.",https://seedracks.southernexposure.com/pages/pricing,2027 season wholesale Guaranteed Sale Tier 1 unit quote; season-opening order 150-399 total packets; not a one-packet retail offer,false,"crop-level university guidance, not a cultivar soil trial","crop-level university guidance, not a cultivar irrigation trial",https://extension.umn.edu/vegetables/growing-peppers,https://seedracks.southernexposure.com/products/aji-chinchi-amarillo-hot-pepper,supplier product description,not explicitly established in sources reviewed,,https://seedracks.southernexposure.com/products/aji-chinchi-amarillo-hot-pepper,,"supplier cultivar claim; no claim means unknown, not susceptible",https://seedracks.southernexposure.com/products/aji-chinchi-amarillo-hot-pepper,"supplier tag or explicit adaptation statement, not a regional trial",crop season classification unless supplier cultivar claim is stated
46529 - Jaloro Jalapeño,https://seedracks.southernexposure.com/products/46529-jaloro-jalapeno,https://extension.umn.edu/vegetables/growing-peppers,https://www.extension.umd.edu/resource/when-plant-vegetables,https://www.extension.umd.edu/resource/growing-peppers-home-garden,https://seedracks.southernexposure.com/products.json?limit=250&page=1,4625444798531,32281782353987,2026-10-05,"Soil and water are crop-level guidance. Maturity and disease claims refer to the named cultivar. Regional tags are supplier guidance, not local trial verification. Price is a conditional wholesale unit quote.",https://seedracks.southernexposure.com/pages/pricing,2027 season wholesale Guaranteed Sale Tier 1 unit quote; season-opening order 150-399 total packets; not a one-packet retail offer,true,"crop-level university guidance, not a cultivar soil trial","crop-level university guidance, not a cultivar irrigation trial",https://extension.umn.edu/vegetables/growing-peppers,https://seedracks.southernexposure.com/products/46529-jaloro-jalapeno,supplier product description,not explicitly established in sources reviewed,,https://seedracks.southernexposure.com/products/46529-jaloro-jalapeno,,"supplier cultivar claim; no claim means unknown, not susceptible",https://seedracks.southernexposure.com/products/46529-jaloro-jalapeno,"supplier tag or explicit adaptation statement, not a regional trial",crop season classification unless supplier cultivar claim is stated
46601 - Aji Dulce,https://seedracks.southernexposure.com/products/aji-dulce-pepper-spice-seed-packet,https://extension.umn.edu/vegetables/growing-peppers,https://www.extension.umd.edu/resource/when-plant-vegetables,https://www.extension.umd.edu/resource/growing-peppers-home-garden,https://seedracks.southernexposure.com/products.json?limit=250&page=2,6494068423,20719227207,2026-10-05,"Soil and water are crop-level guidance. Maturity and disease claims refer to the named cultivar. Regional tags are supplier guidance, not local trial verification. Price is a conditional wholesale unit quote.",https://seedracks.southernexposure.com/pages/pricing,2027 season wholesale Guaranteed Sale Tier 1 unit quote; season-opening order 150-399 total packets; not a one-packet retail offer,true,"crop-level university guidance, not a cultivar soil trial","crop-level university guidance, not a cultivar irrigation trial",https://extension.umn.edu/vegetables/growing-peppers,https://seedracks.southernexposure.com/products/aji-dulce-pepper-spice-seed-packet,supplier product description,not explicitly established in sources reviewed,,https://seedracks.southernexposure.com/products/aji-dulce-pepper-spice-seed-packet,,"supplier cultivar claim; no claim means unknown, not susceptible",https://seedracks.southernexposure.com/products/aji-dulce-pepper-spice-seed-packet,"supplier tag or explicit adaptation statement, not a regional trial",crop season classification unless supplier cultivar claim is stated
53113 - Connecticut Field,https://seedracks.southernexposure.com/products/connecticut-field-pumpkin-seed-packet,https://extension.umn.edu/vegetables/pumpkins-and-winter-squash,https://www.extension.umd.edu/resource/when-plant-vegetables,https://extension.umn.edu/vegetables/pumpkins-and-winter-squash,https://seedracks.southernexposure.com/products.json?limit=250&page=1,6494109575,20719320071,2026-10-05,"Soil and water are crop-level guidance. Maturity and disease claims refer to the named cultivar. Regional tags are supplier guidance, not local trial verification. Price is a conditional wholesale unit quote.",https://seedracks.southernexposure.com/pages/pricing,2027 season wholesale Guaranteed Sale Tier 1 unit quote; season-opening order 150-399 total packets; not a one-packet retail offer,true,"crop-level university guidance, not a cultivar soil trial","crop-level university guidance, not a cultivar irrigation trial",https://extension.umn.edu/vegetables/pumpkins-and-winter-squash,https://seedracks.southernexposure.com/products/connecticut-field-pumpkin-seed-packet,supplier product description,not explicitly established in sources reviewed,,https://seedracks.southernexposure.com/products/connecticut-field-pumpkin-seed-packet,,"supplier cultivar claim; no claim means unknown, not susceptible",https://seedracks.southernexposure.com/products/connecticut-field-pumpkin-seed-packet,"supplier tag or explicit adaptation statement, not a regional trial",crop season classification unless supplier cultivar claim is stated
53114 - Small Sugar,https://seedracks.southernexposure.com/products/small-sugar-pumpkin-seed-packet,https://extension.umn.edu/vegetables/pumpkins-and-winter-squash,https://www.extension.umd.edu/resource/when-plant-vegetables,https://extension.umn.edu/vegetables/pumpkins-and-winter-squash,https://seedracks.southernexposure.com/products.json?limit=250&page=1,6494110855,20719321927,2026-10-05,"Soil and water are crop-level guidance. Maturity and disease claims refer to the named cultivar. Regional tags are supplier guidance, not local trial verification. Price is a conditional wholesale unit quote.",https://seedracks.southernexposure.com/pages/pricing,2027 season wholesale Guaranteed Sale Tier 1 unit quote; season-opening order 150-399 total packets; not a one-packet retail offer,true,"crop-level university guidance, not a cultivar soil trial","crop-level university guidance, not a cultivar irrigation trial",https://extension.umn.edu/vegetables/pumpkins-and-winter-squash,https://seedracks.southernexposure.com/products/small-sugar-pumpkin-seed-packet,supplier product description,not explicitly established in sources reviewed,,https://seedracks.southernexposure.com/products/small-sugar-pumpkin-seed-packet,,"supplier cultivar claim; no claim means unknown, not susceptible",https://seedracks.southernexposure.com/products/small-sugar-pumpkin-seed-packet,"supplier tag or explicit adaptation statement, not a regional trial",crop season classification unless supplier cultivar claim is stated
53152 - Winter Luxury Pie,https://seedracks.southernexposure.com/products/winter-luxury-pie-pumpkin-seed-packet,https://extension.umn.edu/vegetables/pumpkins-and-winter-squash,https://www.extension.umd.edu/resource/when-plant-vegetables,https://extension.umn.edu/vegetables/pumpkins-and-winter-squash,https://seedracks.southernexposure.com/products.json?limit=250&page=1,6494538567,20720334471,2026-10-05,"Soil and water are crop-level guidance. Maturity and disease claims refer to the named cultivar. Regional tags are supplier guidance, not local trial verification. Price is a conditional wholesale unit quote.",https://seedracks.southernexposure.com/pages/pricing,2027 season wholesale Guaranteed Sale Tier 1 unit quote; season-opening order 150-399 total packets; not a one-packet retail offer,true,"crop-level university guidance, not a cultivar soil trial","crop-level university guidance, not a cultivar irrigation trial",https://extension.umn.edu/vegetables/pumpkins-and-winter-squash,https://seedracks.southernexposure.com/products/winter-luxury-pie-pumpkin-seed-packet,supplier product description,not explicitly established in sources reviewed,,https://seedracks.southernexposure.com/products/winter-luxury-pie-pumpkin-seed-packet,,"supplier cultivar claim; no claim means unknown, not susceptible",https://seedracks.southernexposure.com/products/winter-luxury-pie-pumpkin-seed-packet,"supplier tag or explicit adaptation statement, not a regional trial",crop season classification unless supplier cultivar claim is stated
53303 - Big Max,https://seedracks.southernexposure.com/products/big-max,https://extension.umn.edu/vegetables/pumpkins-and-winter-squash,https://www.extension.umd.edu/resource/when-plant-vegetables,https://extension.umn.edu/vegetables/pumpkins-and-winter-squash,https://seedracks.southernexposure.com/products.json?limit=250&page=1,6494507719,20720265735,2026-10-05,"Soil and water are crop-level guidance. Maturity and disease claims refer to the named cultivar. Regional tags are supplier guidance, not local trial verification. Price is a conditional wholesale unit quote.",https://seedracks.southernexposure.com/pages/pricing,2027 season wholesale Guaranteed Sale Tier 1 unit quote; season-opening order 150-399 total packets; not a one-packet retail offer,true,"crop-level university guidance, not a cultivar soil trial","crop-level university guidance, not a cultivar irrigation trial",https://extension.umn.edu/vegetables/pumpkins-and-winter-squash,https://seedracks.southernexposure.com/products/big-max,supplier product description,not explicitly established in sources reviewed,,https://seedracks.southernexposure.com/products/big-max,,"supplier cultivar claim; no claim means unknown, not susceptible",https://seedracks.southernexposure.com/products/big-max,"supplier tag or explicit adaptation statement, not a regional trial",crop season classification unless supplier cultivar claim is stated
53305 - Rouge Vif D'Etampes (Cinderella),https://seedracks.southernexposure.com/products/rouge-vif-dtampes-cinderella-pumpkin-seed-packet,https://extension.umn.edu/vegetables/pumpkins-and-winter-squash,https://www.extension.umd.edu/resource/when-plant-vegetables,https://extension.umn.edu/vegetables/pumpkins-and-winter-squash,https://seedracks.southernexposure.com/products.json?limit=250&page=1,6494111559,20719322695,2026-10-05,"Soil and water are crop-level guidance. Maturity and disease claims refer to the named cultivar. Regional tags are supplier guidance, not local trial verification. Price is a conditional wholesale unit quote.",https://seedracks.southernexposure.com/pages/pricing,2027 season wholesale Guaranteed Sale Tier 1 unit quote; season-opening order 150-399 total packets; not a one-packet retail offer,true,"crop-level university guidance, not a cultivar soil trial","crop-level university guidance, not a cultivar irrigation trial",https://extension.umn.edu/vegetables/pumpkins-and-winter-squash,https://seedracks.southernexposure.com/products/rouge-vif-dtampes-cinderella-pumpkin-seed-packet,supplier product description,not explicitly established in sources reviewed,,https://seedracks.southernexposure.com/products/rouge-vif-dtampes-cinderella-pumpkin-seed-packet,,"supplier cultivar claim; no claim means unknown, not susceptible",https://seedracks.southernexposure.com/products/rouge-vif-dtampes-cinderella-pumpkin-seed-packet,"supplier tag or explicit adaptation statement, not a regional trial",crop season classification unless supplier cultivar claim is stated
53604 - Seminole,https://seedracks.southernexposure.com/products/seminole-pumpkin-seed-packet,https://extension.umn.edu/vegetables/pumpkins-and-winter-squash,https://www.extension.umd.edu/resource/when-plant-vegetables,https://extension.umn.edu/vegetables/pumpkins-and-winter-squash,https://seedracks.southernexposure.com/products.json?limit=250&page=1,6494117255,20719331399,2026-10-05,"Soil and water are crop-level guidance. Maturity and disease claims refer to the named cultivar. Regional tags are supplier guidance, not local trial verification. Price is a conditional wholesale unit quote.",https://seedracks.southernexposure.com/pages/pricing,2027 season wholesale Guaranteed Sale Tier 1 unit quote; season-opening order 150-399 total packets; not a one-packet retail offer,true,"crop-level university guidance, not a cultivar soil trial","crop-level university guidance, not a cultivar irrigation trial",https://extension.umn.edu/vegetables/pumpkins-and-winter-squash,https://www.southernexposure.com/catalog/sese-catalog-2025-for-web.pdf,2025 supplier catalogue PDF p47; current product feed omits maturity,not explicitly established in sources reviewed,,https://seedracks.southernexposure.com/products/seminole-pumpkin-seed-packet,,"supplier cultivar claim; no claim means unknown, not susceptible",https://seedracks.southernexposure.com/products/seminole-pumpkin-seed-packet,"supplier tag or explicit adaptation statement, not a regional trial",crop-level season plus explicit supplier cultivar adaptation statement
28102 - Black Spanish Round,https://seedracks.southernexposure.com/products/black-spanish-round-radish-fall-seed-packet,https://extension.umn.edu/vegetables/growing-radishes,https://www.extension.umd.edu/resource/when-plant-vegetables,https://extension.umn.edu/vegetables/growing-radishes,https://seedracks.southernexposure.com/products.json?limit=250&page=2,6494118407,20719332871,2026-10-05,"Soil and water are crop-level guidance. Maturity and disease claims refer to the named cultivar. Regional tags are supplier guidance, not local trial verification. Price is a conditional wholesale unit quote.",https://seedracks.southernexposure.com/pages/pricing,2027 season wholesale Guaranteed Sale Tier 1 unit quote; season-opening order 150-399 total packets; not a one-packet retail offer,true,"crop-level university guidance, not a cultivar soil trial","crop-level university guidance, not a cultivar irrigation trial",https://extension.umn.edu/vegetables/growing-radishes,https://seedracks.southernexposure.com/products/black-spanish-round-radish-fall-seed-packet,supplier product description,not explicitly established in sources reviewed,,https://seedracks.southernexposure.com/products/black-spanish-round-radish-fall-seed-packet,,"supplier cultivar claim; no claim means unknown, not susceptible",https://seedracks.southernexposure.com/products/black-spanish-round-radish-fall-seed-packet,"supplier tag or explicit adaptation statement, not a regional trial",crop season classification unless supplier cultivar claim is stated
28103 - Cherry Belle,https://seedracks.southernexposure.com/products/cherry-belle-radish-seed-packet,https://extension.umn.edu/vegetables/growing-radishes,https://www.extension.umd.edu/resource/when-plant-vegetables,https://extension.umn.edu/vegetables/growing-radishes,https://seedracks.southernexposure.com/products.json?limit=250&page=2,6494121031,20719343175,2026-10-05,"Soil and water are crop-level guidance. Maturity and disease claims refer to the named cultivar. Regional tags are supplier guidance, not local trial verification. Price is a conditional wholesale unit quote.",https://seedracks.southernexposure.com/pages/pricing,2027 season wholesale Guaranteed Sale Tier 1 unit quote; season-opening order 150-399 total packets; not a one-packet retail offer,true,"crop-level university guidance, not a cultivar soil trial","crop-level university guidance, not a cultivar irrigation trial",https://extension.umn.edu/vegetables/growing-radishes,https://seedracks.southernexposure.com/products/cherry-belle-radish-seed-packet,supplier product description,not explicitly established in sources reviewed,,https://seedracks.southernexposure.com/products/cherry-belle-radish-seed-packet,,"supplier cultivar claim; no claim means unknown, not susceptible",https://seedracks.southernexposure.com/products/cherry-belle-radish-seed-packet,"supplier tag or explicit adaptation statement, not a regional trial",crop season classification unless supplier cultivar claim is stated
28106 - White Icicle (Lady Finger),https://seedracks.southernexposure.com/products/white-icicle-lady-finger-radish-seed-packet,https://extension.umn.edu/vegetables/growing-radishes,https://www.extension.umd.edu/resource/when-plant-vegetables,https://extension.umn.edu/vegetables/growing-radishes,https://seedracks.southernexposure.com/products.json?limit=250&page=2,6494122375,20719345287,2026-10-05,"Soil and water are crop-level guidance. Maturity and disease claims refer to the named cultivar. Regional tags are supplier guidance, not local trial verification. Price is a conditional wholesale unit quote.",https://seedracks.southernexposure.com/pages/pricing,2027 season wholesale Guaranteed Sale Tier 1 unit quote; season-opening order 150-399 total packets; not a one-packet retail offer,true,"crop-level university guidance, not a cultivar soil trial","crop-level university guidance, not a cultivar irrigation trial",https://extension.umn.edu/vegetables/growing-radishes,https://seedracks.southernexposure.com/products/white-icicle-lady-finger-radish-seed-packet,supplier product description,not explicitly established in sources reviewed,,https://seedracks.southernexposure.com/products/white-icicle-lady-finger-radish-seed-packet,,"supplier cultivar claim; no claim means unknown, not susceptible",https://seedracks.southernexposure.com/products/white-icicle-lady-finger-radish-seed-packet,"supplier tag or explicit adaptation statement, not a regional trial",crop season classification unless supplier cultivar claim is stated
28108 - Sparkler White Tip,https://seedracks.southernexposure.com/products/sparkler-white-tip-radish-seed-packet,https://extension.umn.edu/vegetables/growing-radishes,https://www.extension.umd.edu/resource/when-plant-vegetables,https://extension.umn.edu/vegetables/growing-radishes,https://seedracks.southernexposure.com/products.json?limit=250&page=2,6494122951,20719345863,2026-10-05,"Soil and water are crop-level guidance. Maturity and disease claims refer to the named cultivar. Regional tags are supplier guidance, not local trial verification. Price is a conditional wholesale unit quote.",https://seedracks.southernexposure.com/pages/pricing,2027 season wholesale Guaranteed Sale Tier 1 unit quote; season-opening order 150-399 total packets; not a one-packet retail offer,true,"crop-level university guidance, not a cultivar soil trial","crop-level university guidance, not a cultivar irrigation trial",https://extension.umn.edu/vegetables/growing-radishes,https://seedracks.southernexposure.com/products/sparkler-white-tip-radish-seed-packet,supplier product description,not explicitly established in sources reviewed,,https://seedracks.southernexposure.com/products/sparkler-white-tip-radish-seed-packet,,"supplier cultivar claim; no claim means unknown, not susceptible",https://seedracks.southernexposure.com/products/sparkler-white-tip-radish-seed-packet,"supplier tag or explicit adaptation statement, not a regional trial",crop season classification unless supplier cultivar claim is stated
28109 - Misato Rose,https://seedracks.southernexposure.com/products/misato-rose-radish-fall-seed-packet,https://extension.umn.edu/vegetables/growing-radishes,https://www.extension.umd.edu/resource/when-plant-vegetables,https://extension.umn.edu/vegetables/growing-radishes,https://seedracks.southernexposure.com/products.json?limit=250&page=2,6494123655,20719347783,2026-10-05,"Soil and water are crop-level guidance. Maturity and disease claims refer to the named cultivar. Regional tags are supplier guidance, not local trial verification. Price is a conditional wholesale unit quote.",https://seedracks.southernexposure.com/pages/pricing,2027 season wholesale Guaranteed Sale Tier 1 unit quote; season-opening order 150-399 total packets; not a one-packet retail offer,true,"crop-level university guidance, not a cultivar soil trial","crop-level university guidance, not a cultivar irrigation trial",https://extension.umn.edu/vegetables/growing-radishes,https://seedracks.southernexposure.com/products/misato-rose-radish-fall-seed-packet,supplier product description,not explicitly established in sources reviewed,,https://seedracks.southernexposure.com/products/misato-rose-radish-fall-seed-packet,,"supplier cultivar claim; no claim means unknown, not susceptible",https://seedracks.southernexposure.com/products/misato-rose-radish-fall-seed-packet,"supplier tag or explicit adaptation statement, not a regional trial",crop season classification unless supplier cultivar claim is stated
28111 - French Breakfast,https://seedracks.southernexposure.com/products/french-breakfast-radish,https://extension.umn.edu/vegetables/growing-radishes,https://www.extension.umd.edu/resource/when-plant-vegetables,https://extension.umn.edu/vegetables/growing-radishes,https://seedracks.southernexposure.com/products.json?limit=250&page=2,4609738965059,32230675316803,2026-10-05,"Soil and water are crop-level guidance. Maturity and disease claims refer to the named cultivar. Regional tags are supplier guidance, not local trial verification. Price is a conditional wholesale unit quote.",https://seedracks.southernexposure.com/pages/pricing,2027 season wholesale Guaranteed Sale Tier 1 unit quote; season-opening order 150-399 total packets; not a one-packet retail offer,true,"crop-level university guidance, not a cultivar soil trial","crop-level university guidance, not a cultivar irrigation trial",https://extension.umn.edu/vegetables/growing-radishes,https://seedracks.southernexposure.com/products/french-breakfast-radish,supplier product description,not explicitly established in sources reviewed,,https://seedracks.southernexposure.com/products/french-breakfast-radish,,"supplier cultivar claim; no claim means unknown, not susceptible",https://seedracks.southernexposure.com/products/french-breakfast-radish,"supplier tag or explicit adaptation statement, not a regional trial",crop season classification unless supplier cultivar claim is stated
"28201 - Daikon, Miyashige White",https://seedracks.southernexposure.com/products/daikon-miyashige-white-radish-fall-seed-packet,https://extension.umn.edu/vegetables/growing-radishes,https://www.extension.umd.edu/resource/when-plant-vegetables,https://extension.umn.edu/vegetables/growing-radishes,https://seedracks.southernexposure.com/products.json?limit=250&page=2,6494124231,20719348423,2026-10-05,"Soil and water are crop-level guidance. Maturity and disease claims refer to the named cultivar. Regional tags are supplier guidance, not local trial verification. Price is a conditional wholesale unit quote.",https://seedracks.southernexposure.com/pages/pricing,2027 season wholesale Guaranteed Sale Tier 1 unit quote; season-opening order 150-399 total packets; not a one-packet retail offer,true,"crop-level university guidance, not a cultivar soil trial","crop-level university guidance, not a cultivar irrigation trial",https://extension.umn.edu/vegetables/growing-radishes,https://seedracks.southernexposure.com/products/daikon-miyashige-white-radish-fall-seed-packet,supplier product description,not explicitly established in sources reviewed,,https://seedracks.southernexposure.com/products/daikon-miyashige-white-radish-fall-seed-packet,,"supplier cultivar claim; no claim means unknown, not susceptible",https://seedracks.southernexposure.com/products/daikon-miyashige-white-radish-fall-seed-packet,"supplier tag or explicit adaptation statement, not a regional trial",crop season classification unless supplier cultivar claim is stated
28951 - Easter Egg,https://seedracks.southernexposure.com/products/easter-egg-mix-radish-seed-packet,https://extension.umn.edu/vegetables/growing-radishes,https://www.extension.umd.edu/resource/when-plant-vegetables,https://extension.umn.edu/vegetables/growing-radishes,https://seedracks.southernexposure.com/products.json?limit=250&page=1,6494535751,20720331207,2026-10-05,"Soil and water are crop-level guidance. Maturity and disease claims refer to the named cultivar. Regional tags are supplier guidance, not local trial verification. Price is a conditional wholesale unit quote.",https://seedracks.southernexposure.com/pages/pricing,2027 season wholesale Guaranteed Sale Tier 1 unit quote; season-opening order 150-399 total packets; not a one-packet retail offer,true,"crop-level university guidance, not a cultivar soil trial","crop-level university guidance, not a cultivar irrigation trial",https://extension.umn.edu/vegetables/growing-radishes,https://seedracks.southernexposure.com/products/easter-egg-mix-radish-seed-packet,supplier product description,not explicitly established in sources reviewed,,https://seedracks.southernexposure.com/products/easter-egg-mix-radish-seed-packet,,"supplier cultivar claim; no claim means unknown, not susceptible",https://seedracks.southernexposure.com/products/easter-egg-mix-radish-seed-packet,"supplier tag or explicit adaptation statement, not a regional trial",crop season classification unless supplier cultivar claim is stated
53101 - Early Prolific Straightneck,https://seedracks.southernexposure.com/products/early-prolific-straightneck-squash-summer-seed-packet,https://extension.umn.edu/vegetables/growing-summer-squash-and-zucchini,https://www.extension.umd.edu/resource/when-plant-vegetables,https://extension.umn.edu/vegetables/growing-summer-squash-and-zucchini,https://seedracks.southernexposure.com/products.json?limit=250&page=1,6494137671,20719378503,2026-10-05,"Soil and water are crop-level guidance. Maturity and disease claims refer to the named cultivar. Regional tags are supplier guidance, not local trial verification. Price is a conditional wholesale unit quote.",https://seedracks.southernexposure.com/pages/pricing,2027 season wholesale Guaranteed Sale Tier 1 unit quote; season-opening order 150-399 total packets; not a one-packet retail offer,true,"crop-level university guidance, not a cultivar soil trial","crop-level university guidance, not a cultivar irrigation trial",https://extension.umn.edu/vegetables/growing-summer-squash-and-zucchini,https://seedracks.southernexposure.com/products/early-prolific-straightneck-squash-summer-seed-packet,supplier product description,not explicitly established in sources reviewed,,https://seedracks.southernexposure.com/products/early-prolific-straightneck-squash-summer-seed-packet,,"supplier cultivar claim; no claim means unknown, not susceptible",https://seedracks.southernexposure.com/products/early-prolific-straightneck-squash-summer-seed-packet,"supplier tag or explicit adaptation statement, not a regional trial",crop season classification unless supplier cultivar claim is stated
53102 - Yellow Crookneck,https://seedracks.southernexposure.com/products/yellow-crookneck-squash-summer-seed-packet,https://extension.umn.edu/vegetables/growing-summer-squash-and-zucchini,https://www.extension.umd.edu/resource/when-plant-vegetables,https://extension.umn.edu/vegetables/growing-summer-squash-and-zucchini,https://seedracks.southernexposure.com/products.json?limit=250&page=1,6494139271,20719381255,2026-10-05,"Soil and water are crop-level guidance. Maturity and disease claims refer to the named cultivar. Regional tags are supplier guidance, not local trial verification. Price is a conditional wholesale unit quote.",https://seedracks.southernexposure.com/pages/pricing,2027 season wholesale Guaranteed Sale Tier 1 unit quote; season-opening order 150-399 total packets; not a one-packet retail offer,true,"crop-level university guidance, not a cultivar soil trial","crop-level university guidance, not a cultivar irrigation trial",https://extension.umn.edu/vegetables/growing-summer-squash-and-zucchini,https://seedracks.southernexposure.com/products/yellow-crookneck-squash-summer-seed-packet,supplier product description,not explicitly established in sources reviewed,,https://seedracks.southernexposure.com/products/yellow-crookneck-squash-summer-seed-packet,,"supplier cultivar claim; no claim means unknown, not susceptible",https://seedracks.southernexposure.com/products/yellow-crookneck-squash-summer-seed-packet,"supplier tag or explicit adaptation statement, not a regional trial",crop season classification unless supplier cultivar claim is stated
53104 - Golden Bush Scallop,https://seedracks.southernexposure.com/products/golden-bush-scallop,https://extension.umn.edu/vegetables/growing-summer-squash-and-zucchini,https://www.extension.umd.edu/resource/when-plant-vegetables,https://extension.umn.edu/vegetables/growing-summer-squash-and-zucchini,https://seedracks.southernexposure.com/products.json?limit=250&page=1,6494500615,20720252935,2026-10-05,"Soil and water are crop-level guidance. Maturity and disease claims refer to the named cultivar. Regional tags are supplier guidance, not local trial verification. Price is a conditional wholesale unit quote.",https://seedracks.southernexposure.com/pages/pricing,2027 season wholesale Guaranteed Sale Tier 1 unit quote; season-opening order 150-399 total packets; not a one-packet retail offer,true,"crop-level university guidance, not a cultivar soil trial","crop-level university guidance, not a cultivar irrigation trial",https://extension.umn.edu/vegetables/growing-summer-squash-and-zucchini,https://seedracks.southernexposure.com/products/golden-bush-scallop,supplier product description,not explicitly established in sources reviewed,,https://seedracks.southernexposure.com/products/golden-bush-scallop,,"supplier cultivar claim; no claim means unknown, not susceptible",https://seedracks.southernexposure.com/products/golden-bush-scallop,"supplier tag or explicit adaptation statement, not a regional trial",crop season classification unless supplier cultivar claim is stated
"53105 - Zucchini, Black Beauty",https://seedracks.southernexposure.com/products/zucchini-black-beauty-squash-summer-seed-packet,https://extension.umn.edu/vegetables/growing-summer-squash-and-zucchini,https://www.extension.umd.edu/resource/when-plant-vegetables,https://extension.umn.edu/vegetables/growing-summer-squash-and-zucchini,https://seedracks.southernexposure.com/products.json?limit=250&page=1,6494393671,20719969799,2026-10-05,"Soil and water are crop-level guidance. Maturity and disease claims refer to the named cultivar. Regional tags are supplier guidance, not local trial verification. Price is a conditional wholesale unit quote.",https://seedracks.southernexposure.com/pages/pricing,2027 season wholesale Guaranteed Sale Tier 1 unit quote; season-opening order 150-399 total packets; not a one-packet retail offer,true,"crop-level university guidance, not a cultivar soil trial","crop-level university guidance, not a cultivar irrigation trial",https://extension.umn.edu/vegetables/growing-summer-squash-and-zucchini,https://seedracks.southernexposure.com/products/zucchini-black-beauty-squash-summer-seed-packet,supplier product description,not explicitly established in sources reviewed,,https://seedracks.southernexposure.com/products/zucchini-black-beauty-squash-summer-seed-packet,,"supplier cultivar claim; no claim means unknown, not susceptible",https://seedracks.southernexposure.com/products/zucchini-black-beauty-squash-summer-seed-packet,"supplier tag or explicit adaptation statement, not a regional trial",crop season classification unless supplier cultivar claim is stated
"53106 - Zucchini, Dark Green",https://seedracks.southernexposure.com/products/zucchini-dark-green,https://extension.umn.edu/vegetables/growing-summer-squash-and-zucchini,https://www.extension.umd.edu/resource/when-plant-vegetables,https://extension.umn.edu/vegetables/growing-summer-squash-and-zucchini,https://seedracks.southernexposure.com/products.json?limit=250&page=1,6494507463,20720265095,2026-10-05,"Soil and water are crop-level guidance. Maturity and disease claims refer to the named cultivar. Regional tags are supplier guidance, not local trial verification. Price is a conditional wholesale unit quote.",https://seedracks.southernexposure.com/pages/pricing,2027 season wholesale Guaranteed Sale Tier 1 unit quote; season-opening order 150-399 total packets; not a one-packet retail offer,true,"crop-level university guidance, not a cultivar soil trial","crop-level university guidance, not a cultivar irrigation trial",https://extension.umn.edu/vegetables/growing-summer-squash-and-zucchini,https://seedracks.southernexposure.com/products/zucchini-dark-green,supplier product description,not explicitly established in sources reviewed,,https://seedracks.southernexposure.com/products/zucchini-dark-green,,"supplier cultivar claim; no claim means unknown, not susceptible",https://seedracks.southernexposure.com/products/zucchini-dark-green,"supplier tag or explicit adaptation statement, not a regional trial",crop season classification unless supplier cultivar claim is stated
53115 - Benning's Green Tint,https://seedracks.southernexposure.com/products/bennings-green-tint-squash-summer-seed-packet,https://extension.umn.edu/vegetables/growing-summer-squash-and-zucchini,https://www.extension.umd.edu/resource/when-plant-vegetables,https://extension.umn.edu/vegetables/growing-summer-squash-and-zucchini,https://seedracks.southernexposure.com/products.json?limit=250&page=2,6494141639,20719384071,2026-10-05,"Soil and water are crop-level guidance. Maturity and disease claims refer to the named cultivar. Regional tags are supplier guidance, not local trial verification. Price is a conditional wholesale unit quote.",https://seedracks.southernexposure.com/pages/pricing,2027 season wholesale Guaranteed Sale Tier 1 unit quote; season-opening order 150-399 total packets; not a one-packet retail offer,true,"crop-level university guidance, not a cultivar soil trial","crop-level university guidance, not a cultivar irrigation trial",https://extension.umn.edu/vegetables/growing-summer-squash-and-zucchini,https://seedracks.southernexposure.com/products/bennings-green-tint-squash-summer-seed-packet,supplier product description,not explicitly established in sources reviewed,,https://seedracks.southernexposure.com/products/bennings-green-tint-squash-summer-seed-packet,,"supplier cultivar claim; no claim means unknown, not susceptible",https://seedracks.southernexposure.com/products/bennings-green-tint-squash-summer-seed-packet,"supplier tag or explicit adaptation statement, not a regional trial",crop season classification unless supplier cultivar claim is stated
53116 - Cocozelle Italian,https://seedracks.southernexposure.com/products/cocozelle-italian-squash-summer-seed-packet,https://extension.umn.edu/vegetables/growing-summer-squash-and-zucchini,https://www.extension.umd.edu/resource/when-plant-vegetables,https://extension.umn.edu/vegetables/growing-summer-squash-and-zucchini,https://seedracks.southernexposure.com/products.json?limit=250&page=1,6494142727,20719386631,2026-10-05,"Soil and water are crop-level guidance. Maturity and disease claims refer to the named cultivar. Regional tags are supplier guidance, not local trial verification. Price is a conditional wholesale unit quote.",https://seedracks.southernexposure.com/pages/pricing,2027 season wholesale Guaranteed Sale Tier 1 unit quote; season-opening order 150-399 total packets; not a one-packet retail offer,true,"crop-level university guidance, not a cultivar soil trial","crop-level university guidance, not a cultivar irrigation trial",https://extension.umn.edu/vegetables/growing-summer-squash-and-zucchini,https://seedracks.southernexposure.com/products/cocozelle-italian-squash-summer-seed-packet,supplier product description,not explicitly established in sources reviewed,,https://seedracks.southernexposure.com/products/cocozelle-italian-squash-summer-seed-packet,,"supplier cultivar claim; no claim means unknown, not susceptible",https://seedracks.southernexposure.com/products/cocozelle-italian-squash-summer-seed-packet,"supplier tag or explicit adaptation statement, not a regional trial",crop season classification unless supplier cultivar claim is stated
53120 - Costata Romanesca,https://seedracks.southernexposure.com/products/costata-romanesca-squash-summer-seed-packet,https://extension.umn.edu/vegetables/growing-summer-squash-and-zucchini,https://www.extension.umd.edu/resource/when-plant-vegetables,https://extension.umn.edu/vegetables/growing-summer-squash-and-zucchini,https://seedracks.southernexposure.com/products.json?limit=250&page=1,6494593799,20720433095,2026-10-05,"Soil and water are crop-level guidance. Maturity and disease claims refer to the named cultivar. Regional tags are supplier guidance, not local trial verification. Price is a conditional wholesale unit quote.",https://seedracks.southernexposure.com/pages/pricing,2027 season wholesale Guaranteed Sale Tier 1 unit quote; season-opening order 150-399 total packets; not a one-packet retail offer,true,"crop-level university guidance, not a cultivar soil trial","crop-level university guidance, not a cultivar irrigation trial",https://extension.umn.edu/vegetables/growing-summer-squash-and-zucchini,https://seedracks.southernexposure.com/products/costata-romanesca-squash-summer-seed-packet,supplier product description,not explicitly established in sources reviewed,,https://seedracks.southernexposure.com/products/costata-romanesca-squash-summer-seed-packet,,"supplier cultivar claim; no claim means unknown, not susceptible",https://seedracks.southernexposure.com/products/costata-romanesca-squash-summer-seed-packet,"supplier tag or explicit adaptation statement, not a regional trial",crop season classification unless supplier cultivar claim is stated
53607 - Tromboncino,https://seedracks.southernexposure.com/products/tromboncino-squash-summer-seed-packet,https://extension.umn.edu/vegetables/growing-summer-squash-and-zucchini,https://www.extension.umd.edu/resource/when-plant-vegetables,https://extension.umn.edu/vegetables/growing-summer-squash-and-zucchini,https://seedracks.southernexposure.com/products.json?limit=250&page=1,6494597895,20720443847,2026-10-05,"Soil and water are crop-level guidance. Maturity and disease claims refer to the named cultivar. Regional tags are supplier guidance, not local trial verification. Price is a conditional wholesale unit quote.",https://seedracks.southernexposure.com/pages/pricing,2027 season wholesale Guaranteed Sale Tier 1 unit quote; season-opening order 150-399 total packets; not a one-packet retail offer,true,"crop-level university guidance, not a cultivar soil trial","crop-level university guidance, not a cultivar irrigation trial",https://extension.umn.edu/vegetables/growing-summer-squash-and-zucchini,https://seedracks.southernexposure.com/products/tromboncino-squash-summer-seed-packet,supplier product description,not explicitly established in sources reviewed,,https://seedracks.southernexposure.com/products/tromboncino-squash-summer-seed-packet,,"supplier cultivar claim; no claim means unknown, not susceptible",https://seedracks.southernexposure.com/products/tromboncino-squash-summer-seed-packet,"supplier tag or explicit adaptation statement, not a regional trial",crop season classification unless supplier cultivar claim is stated
49101 - Abraham Lincoln,https://seedracks.southernexposure.com/products/abraham-lincoln-tomato,https://extension.umn.edu/vegetables/growing-tomatoes,https://www.extension.umd.edu/resource/when-plant-vegetables,https://extension.umn.edu/vegetables/growing-tomatoes,https://seedracks.southernexposure.com/products.json?limit=250&page=1,6494261895,20719648327,2026-10-05,"Soil and water are crop-level guidance. Maturity and disease claims refer to the named cultivar. Regional tags are supplier guidance, not local trial verification. Price is a conditional wholesale unit quote.",https://seedracks.southernexposure.com/pages/pricing,2027 season wholesale Guaranteed Sale Tier 1 unit quote; season-opening order 150-399 total packets; not a one-packet retail offer,true,"crop-level university guidance, not a cultivar soil trial","crop-level university guidance, not a cultivar irrigation trial",https://extension.umn.edu/vegetables/growing-tomatoes,https://seedracks.southernexposure.com/products/abraham-lincoln-tomato,supplier product description,after transplanting,https://www.southernexposure.com/catalog/sese-catalog-2025-for-web.pdf#page=48,https://seedracks.southernexposure.com/products/abraham-lincoln-tomato,https://www.southernexposure.com/catalog/sese-catalog-2025-for-web.pdf,supplier cultivar codes decoded using 2025 catalogue key (tomato PDF p49; cucumber PDF p17); resistance/tolerance strength not standardized,https://seedracks.southernexposure.com/products/abraham-lincoln-tomato,"supplier tag or explicit adaptation statement, not a regional trial",crop season classification unless supplier cultivar claim is stated
49102 - Arkansas Traveler,https://seedracks.southernexposure.com/products/arkansas-traveler-tomato-seed-packet,https://extension.umn.edu/vegetables/growing-tomatoes,https://www.extension.umd.edu/resource/when-plant-vegetables,https://extension.umn.edu/vegetables/growing-tomatoes,https://seedracks.southernexposure.com/products.json?limit=250&page=1,6494230151,20719563399,2026-10-05,"Soil and water are crop-level guidance. Maturity and disease claims refer to the named cultivar. Regional tags are supplier guidance, not local trial verification. Price is a conditional wholesale unit quote.",https://seedracks.southernexposure.com/pages/pricing,2027 season wholesale Guaranteed Sale Tier 1 unit quote; season-opening order 150-399 total packets; not a one-packet retail offer,true,"crop-level university guidance, not a cultivar soil trial","crop-level university guidance, not a cultivar irrigation trial",https://extension.umn.edu/vegetables/growing-tomatoes,https://seedracks.southernexposure.com/products/arkansas-traveler-tomato-seed-packet,supplier product description,after transplanting,https://www.southernexposure.com/catalog/sese-catalog-2025-for-web.pdf#page=48,https://seedracks.southernexposure.com/products/arkansas-traveler-tomato-seed-packet,,"supplier cultivar claim; no claim means unknown, not susceptible",https://seedracks.southernexposure.com/products/arkansas-traveler-tomato-seed-packet,"supplier tag or explicit adaptation statement, not a regional trial",crop-level season plus explicit supplier cultivar adaptation statement
49103 - Big Rainbow,https://seedracks.southernexposure.com/products/big-rainbow-tomato-seed-packet,https://extension.umn.edu/vegetables/growing-tomatoes,https://www.extension.umd.edu/resource/when-plant-vegetables,https://extension.umn.edu/vegetables/growing-tomatoes,https://seedracks.southernexposure.com/products.json?limit=250&page=2,6494195975,20719486919,2026-10-05,"Soil and water are crop-level guidance. Maturity and disease claims refer to the named cultivar. Regional tags are supplier guidance, not local trial verification. Price is a conditional wholesale unit quote.",https://seedracks.southernexposure.com/pages/pricing,2027 season wholesale Guaranteed Sale Tier 1 unit quote; season-opening order 150-399 total packets; not a one-packet retail offer,true,"crop-level university guidance, not a cultivar soil trial","crop-level university guidance, not a cultivar irrigation trial",https://extension.umn.edu/vegetables/growing-tomatoes,https://seedracks.southernexposure.com/products/big-rainbow-tomato-seed-packet,supplier product description,after transplanting,https://www.southernexposure.com/catalog/sese-catalog-2025-for-web.pdf#page=48,https://seedracks.southernexposure.com/products/big-rainbow-tomato-seed-packet,https://www.southernexposure.com/catalog/sese-catalog-2025-for-web.pdf,supplier cultivar codes decoded using 2025 catalogue key (tomato PDF p49; cucumber PDF p17); resistance/tolerance strength not standardized,https://seedracks.southernexposure.com/products/big-rainbow-tomato-seed-packet,"supplier tag or explicit adaptation statement, not a regional trial",crop season classification unless supplier cultivar claim is stated
49104 - Brandywine (Sudduth Strain),https://seedracks.southernexposure.com/products/brandywine-tomato-seed-packet,https://extension.umn.edu/vegetables/growing-tomatoes,https://www.extension.umd.edu/resource/when-plant-vegetables,https://extension.umn.edu/vegetables/growing-tomatoes,https://seedracks.southernexposure.com/products.json?limit=250&page=1,6494231175,20719565191,2026-10-05,"Soil and water are crop-level guidance. Maturity and disease claims refer to the named cultivar. Regional tags are supplier guidance, not local trial verification. Price is a conditional wholesale unit quote.",https://seedracks.southernexposure.com/pages/pricing,2027 season wholesale Guaranteed Sale Tier 1 unit quote; season-opening order 150-399 total packets; not a one-packet retail offer,true,"crop-level university guidance, not a cultivar soil trial","crop-level university guidance, not a cultivar irrigation trial",https://extension.umn.edu/vegetables/growing-tomatoes,https://seedracks.southernexposure.com/products/brandywine-tomato-seed-packet,supplier product description,after transplanting,https://www.southernexposure.com/catalog/sese-catalog-2025-for-web.pdf#page=48,https://seedracks.southernexposure.com/products/brandywine-tomato-seed-packet,,"supplier cultivar claim; no claim means unknown, not susceptible",https://seedracks.southernexposure.com/products/brandywine-tomato-seed-packet,"supplier tag or explicit adaptation statement, not a regional trial",crop season classification unless supplier cultivar claim is stated
49106 - Cherokee Purple,https://seedracks.southernexposure.com/products/cherokee-purple-tomato-seed-packet,https://extension.umn.edu/vegetables/growing-tomatoes,https://www.extension.umd.edu/resource/when-plant-vegetables,https://extension.umn.edu/vegetables/growing-tomatoes,https://seedracks.southernexposure.com/products.json?limit=250&page=1,6494256263,20719636551,2026-10-05,"Soil and water are crop-level guidance. Maturity and disease claims refer to the named cultivar. Regional tags are supplier guidance, not local trial verification. Price is a conditional wholesale unit quote.",https://seedracks.southernexposure.com/pages/pricing,2027 season wholesale Guaranteed Sale Tier 1 unit quote; season-opening order 150-399 total packets; not a one-packet retail offer,true,"crop-level university guidance, not a cultivar soil trial","crop-level university guidance, not a cultivar irrigation trial",https://extension.umn.edu/vegetables/growing-tomatoes,https://seedracks.southernexposure.com/products/cherokee-purple-tomato-seed-packet,supplier product description,after transplanting,https://www.southernexposure.com/catalog/sese-catalog-2025-for-web.pdf#page=48,https://seedracks.southernexposure.com/products/cherokee-purple-tomato-seed-packet,,"supplier cultivar claim; no claim means unknown, not susceptible",https://seedracks.southernexposure.com/products/cherokee-purple-tomato-seed-packet,"supplier tag or explicit adaptation statement, not a regional trial",crop season classification unless supplier cultivar claim is stated
49112 - Eva Purple Ball,https://seedracks.southernexposure.com/products/eva-purple-ball-tomato-seed-packet,https://extension.umn.edu/vegetables/growing-tomatoes,https://www.extension.umd.edu/resource/when-plant-vegetables,https://extension.umn.edu/vegetables/growing-tomatoes,https://seedracks.southernexposure.com/products.json?limit=250&page=1,6494257159,20719637575,2026-10-05,"Soil and water are crop-level guidance. Maturity and disease claims refer to the named cultivar. Regional tags are supplier guidance, not local trial verification. Price is a conditional wholesale unit quote.",https://seedracks.southernexposure.com/pages/pricing,2027 season wholesale Guaranteed Sale Tier 1 unit quote; season-opening order 150-399 total packets; not a one-packet retail offer,true,"crop-level university guidance, not a cultivar soil trial","crop-level university guidance, not a cultivar irrigation trial",https://extension.umn.edu/vegetables/growing-tomatoes,https://seedracks.southernexposure.com/products/eva-purple-ball-tomato-seed-packet,supplier product description,after transplanting,https://www.southernexposure.com/catalog/sese-catalog-2025-for-web.pdf#page=48,https://seedracks.southernexposure.com/products/eva-purple-ball-tomato-seed-packet,https://www.southernexposure.com/catalog/sese-catalog-2025-for-web.pdf,supplier cultivar codes decoded using 2025 catalogue key (tomato PDF p49; cucumber PDF p17); resistance/tolerance strength not standardized,https://seedracks.southernexposure.com/products/eva-purple-ball-tomato-seed-packet,"supplier tag or explicit adaptation statement, not a regional trial",crop-level season plus explicit supplier cultivar adaptation statement
49114 - Georgia Streak,https://seedracks.southernexposure.com/products/georgia-streak,https://extension.umn.edu/vegetables/growing-tomatoes,https://www.extension.umd.edu/resource/when-plant-vegetables,https://extension.umn.edu/vegetables/growing-tomatoes,https://seedracks.southernexposure.com/products.json?limit=250&page=1,6494486791,20720225159,2026-10-05,"Soil and water are crop-level guidance. Maturity and disease claims refer to the named cultivar. Regional tags are supplier guidance, not local trial verification. Price is a conditional wholesale unit quote.",https://seedracks.southernexposure.com/pages/pricing,2027 season wholesale Guaranteed Sale Tier 1 unit quote; season-opening order 150-399 total packets; not a one-packet retail offer,false,"crop-level university guidance, not a cultivar soil trial","crop-level university guidance, not a cultivar irrigation trial",https://extension.umn.edu/vegetables/growing-tomatoes,https://seedracks.southernexposure.com/products/georgia-streak,supplier product description,after transplanting,https://www.southernexposure.com/catalog/sese-catalog-2025-for-web.pdf#page=48,https://seedracks.southernexposure.com/products/georgia-streak,,"supplier cultivar claim; no claim means unknown, not susceptible",https://seedracks.southernexposure.com/products/georgia-streak,"supplier tag or explicit adaptation statement, not a regional trial",crop season classification unless supplier cultivar claim is stated
49115 - German Johnson,https://seedracks.southernexposure.com/products/german-johnson-tomato-seed-packet,https://extension.umn.edu/vegetables/growing-tomatoes,https://www.extension.umd.edu/resource/when-plant-vegetables,https://extension.umn.edu/vegetables/growing-tomatoes,https://seedracks.southernexposure.com/products.json?limit=250&page=1,6494232455,20719571911,2026-10-05,"Soil and water are crop-level guidance. Maturity and disease claims refer to the named cultivar. Regional tags are supplier guidance, not local trial verification. Price is a conditional wholesale unit quote.",https://seedracks.southernexposure.com/pages/pricing,2027 season wholesale Guaranteed Sale Tier 1 unit quote; season-opening order 150-399 total packets; not a one-packet retail offer,true,"crop-level university guidance, not a cultivar soil trial","crop-level university guidance, not a cultivar irrigation trial",https://extension.umn.edu/vegetables/growing-tomatoes,https://seedracks.southernexposure.com/products/german-johnson-tomato-seed-packet,supplier product description,after transplanting,https://www.southernexposure.com/catalog/sese-catalog-2025-for-web.pdf#page=48,https://seedracks.southernexposure.com/products/german-johnson-tomato-seed-packet,,"supplier cultivar claim; no claim means unknown, not susceptible",https://seedracks.southernexposure.com/products/german-johnson-tomato-seed-packet,"supplier tag or explicit adaptation statement, not a regional trial",crop season classification unless supplier cultivar claim is stated
49116 - Oxheart,https://seedracks.southernexposure.com/products/oxheart-tomato-seed-packet,https://extension.umn.edu/vegetables/growing-tomatoes,https://www.extension.umd.edu/resource/when-plant-vegetables,https://extension.umn.edu/vegetables/growing-tomatoes,https://seedracks.southernexposure.com/products.json?limit=250&page=1,6494278215,20719687943,2026-10-05,"Soil and water are crop-level guidance. Maturity and disease claims refer to the named cultivar. Regional tags are supplier guidance, not local trial verification. Price is a conditional wholesale unit quote.",https://seedracks.southernexposure.com/pages/pricing,2027 season wholesale Guaranteed Sale Tier 1 unit quote; season-opening order 150-399 total packets; not a one-packet retail offer,true,"crop-level university guidance, not a cultivar soil trial","crop-level university guidance, not a cultivar irrigation trial",https://extension.umn.edu/vegetables/growing-tomatoes,https://seedracks.southernexposure.com/products/oxheart-tomato-seed-packet,supplier product description,after transplanting,https://www.southernexposure.com/catalog/sese-catalog-2025-for-web.pdf#page=48,https://seedracks.southernexposure.com/products/oxheart-tomato-seed-packet,,"supplier cultivar claim; no claim means unknown, not susceptible",https://seedracks.southernexposure.com/products/oxheart-tomato-seed-packet,"supplier tag or explicit adaptation statement, not a regional trial",crop season classification unless supplier cultivar claim is stated
49118 - Green Grape,https://seedracks.southernexposure.com/products/green-grape-tomato-seed-packet,https://extension.umn.edu/vegetables/growing-tomatoes,https://www.extension.umd.edu/resource/when-plant-vegetables,https://extension.umn.edu/vegetables/growing-tomatoes,https://seedracks.southernexposure.com/products.json?limit=250&page=1,6494346119,20719867079,2026-10-05,"Soil and water are crop-level guidance. Maturity and disease claims refer to the named cultivar. Regional tags are supplier guidance, not local trial verification. Price is a conditional wholesale unit quote.",https://seedracks.southernexposure.com/pages/pricing,2027 season wholesale Guaranteed Sale Tier 1 unit quote; season-opening order 150-399 total packets; not a one-packet retail offer,true,"crop-level university guidance, not a cultivar soil trial","crop-level university guidance, not a cultivar irrigation trial",https://extension.umn.edu/vegetables/growing-tomatoes,https://seedracks.southernexposure.com/products/green-grape-tomato-seed-packet,supplier product description,after transplanting,https://www.southernexposure.com/catalog/sese-catalog-2025-for-web.pdf#page=48,https://seedracks.southernexposure.com/products/green-grape-tomato-seed-packet,,"supplier cultivar claim; no claim means unknown, not susceptible",https://seedracks.southernexposure.com/products/green-grape-tomato-seed-packet,"supplier tag or explicit adaptation statement, not a regional trial",crop season classification unless supplier cultivar claim is stated
49119 - Green Zebra,https://seedracks.southernexposure.com/products/green-zebra-tomato-seed-packet,https://extension.umn.edu/vegetables/growing-tomatoes,https://www.extension.umd.edu/resource/when-plant-vegetables,https://extension.umn.edu/vegetables/growing-tomatoes,https://seedracks.southernexposure.com/products.json?limit=250&page=2,6494197255,20719489223,2026-10-05,"Soil and water are crop-level guidance. Maturity and disease claims refer to the named cultivar. Regional tags are supplier guidance, not local trial verification. Price is a conditional wholesale unit quote.",https://seedracks.southernexposure.com/pages/pricing,2027 season wholesale Guaranteed Sale Tier 1 unit quote; season-opening order 150-399 total packets; not a one-packet retail offer,true,"crop-level university guidance, not a cultivar soil trial","crop-level university guidance, not a cultivar irrigation trial",https://extension.umn.edu/vegetables/growing-tomatoes,https://seedracks.southernexposure.com/products/green-zebra-tomato-seed-packet,supplier product description,after transplanting,https://www.southernexposure.com/catalog/sese-catalog-2025-for-web.pdf#page=48,https://seedracks.southernexposure.com/products/green-zebra-tomato-seed-packet,,"supplier cultivar claim; no claim means unknown, not susceptible",https://seedracks.southernexposure.com/products/green-zebra-tomato-seed-packet,"supplier tag or explicit adaptation statement, not a regional trial",crop season classification unless supplier cultivar claim is stated
49120 - Heinz 1350 VF,https://seedracks.southernexposure.com/products/heinz-1350-vf-tomato-seed-packet,https://extension.umn.edu/vegetables/growing-tomatoes,https://www.extension.umd.edu/resource/when-plant-vegetables,https://extension.umn.edu/vegetables/growing-tomatoes,https://seedracks.southernexposure.com/products.json?limit=250&page=2,6494211015,20719518087,2026-10-05,"Soil and water are crop-level guidance. Maturity and disease claims refer to the named cultivar. Regional tags are supplier guidance, not local trial verification. Price is a conditional wholesale unit quote.",https://seedracks.southernexposure.com/pages/pricing,2027 season wholesale Guaranteed Sale Tier 1 unit quote; season-opening order 150-399 total packets; not a one-packet retail offer,true,"crop-level university guidance, not a cultivar soil trial","crop-level university guidance, not a cultivar irrigation trial",https://extension.umn.edu/vegetables/growing-tomatoes,https://seedracks.southernexposure.com/products/heinz-1350-vf-tomato-seed-packet,supplier product description,after transplanting,https://www.southernexposure.com/catalog/sese-catalog-2025-for-web.pdf#page=48,https://seedracks.southernexposure.com/products/heinz-1350-vf-tomato-seed-packet,https://www.southernexposure.com/catalog/sese-catalog-2025-for-web.pdf,supplier cultivar codes decoded using 2025 catalogue key (tomato PDF p49; cucumber PDF p17); resistance/tolerance strength not standardized,https://seedracks.southernexposure.com/products/heinz-1350-vf-tomato-seed-packet,"supplier tag or explicit adaptation statement, not a regional trial",crop season classification unless supplier cultivar claim is stated
49121 - Homestead 24,https://seedracks.southernexposure.com/products/homestead-24-tomato-seed-packet,https://extension.umn.edu/vegetables/growing-tomatoes,https://www.extension.umd.edu/resource/when-plant-vegetables,https://extension.umn.edu/vegetables/growing-tomatoes,https://seedracks.southernexposure.com/products.json?limit=250&page=1,6494278855,20719688967,2026-10-05,"Soil and water are crop-level guidance. Maturity and disease claims refer to the named cultivar. Regional tags are supplier guidance, not local trial verification. Price is a conditional wholesale unit quote.",https://seedracks.southernexposure.com/pages/pricing,2027 season wholesale Guaranteed Sale Tier 1 unit quote; season-opening order 150-399 total packets; not a one-packet retail offer,true,"crop-level university guidance, not a cultivar soil trial","crop-level university guidance, not a cultivar irrigation trial",https://extension.umn.edu/vegetables/growing-tomatoes,https://seedracks.southernexposure.com/products/homestead-24-tomato-seed-packet,supplier product description,after transplanting,https://www.southernexposure.com/catalog/sese-catalog-2025-for-web.pdf#page=48,https://seedracks.southernexposure.com/products/homestead-24-tomato-seed-packet,https://www.southernexposure.com/catalog/sese-catalog-2025-for-web.pdf,supplier cultivar codes decoded using 2025 catalogue key (tomato PDF p49; cucumber PDF p17); resistance/tolerance strength not standardized,https://seedracks.southernexposure.com/products/homestead-24-tomato-seed-packet,"supplier tag or explicit adaptation statement, not a regional trial",crop-level season plus explicit supplier cultivar adaptation statement
49123 - Hungarian Italian Paste,https://seedracks.southernexposure.com/products/hungarian-italian-paste-tomato-seed-packet,https://extension.umn.edu/vegetables/growing-tomatoes,https://www.extension.umd.edu/resource/when-plant-vegetables,https://extension.umn.edu/vegetables/growing-tomatoes,https://seedracks.southernexposure.com/products.json?limit=250&page=2,6494211655,20719519751,2026-10-05,"Soil and water are crop-level guidance. Maturity and disease claims refer to the named cultivar. Regional tags are supplier guidance, not local trial verification. Price is a conditional wholesale unit quote.",https://seedracks.southernexposure.com/pages/pricing,2027 season wholesale Guaranteed Sale Tier 1 unit quote; season-opening order 150-399 total packets; not a one-packet retail offer,true,"crop-level university guidance, not a cultivar soil trial","crop-level university guidance, not a cultivar irrigation trial",https://extension.umn.edu/vegetables/growing-tomatoes,https://seedracks.southernexposure.com/products/hungarian-italian-paste-tomato-seed-packet,supplier product description,after transplanting,https://www.southernexposure.com/catalog/sese-catalog-2025-for-web.pdf#page=48,https://seedracks.southernexposure.com/products/hungarian-italian-paste-tomato-seed-packet,,"supplier cultivar claim; no claim means unknown, not susceptible",https://seedracks.southernexposure.com/products/hungarian-italian-paste-tomato-seed-packet,"supplier tag or explicit adaptation statement, not a regional trial",crop season classification unless supplier cultivar claim is stated
49125 - Long Keeper,https://seedracks.southernexposure.com/products/long-keeper-tomato-winter-storage-seed-packet,https://extension.umn.edu/vegetables/growing-tomatoes,https://www.extension.umd.edu/resource/when-plant-vegetables,https://extension.umn.edu/vegetables/growing-tomatoes,https://seedracks.southernexposure.com/products.json?limit=250&page=1,6494360007,20719903623,2026-10-05,"Soil and water are crop-level guidance. Maturity and disease claims refer to the named cultivar. Regional tags are supplier guidance, not local trial verification. Price is a conditional wholesale unit quote.",https://seedracks.southernexposure.com/pages/pricing,2027 season wholesale Guaranteed Sale Tier 1 unit quote; season-opening order 150-399 total packets; not a one-packet retail offer,true,"crop-level university guidance, not a cultivar soil trial","crop-level university guidance, not a cultivar irrigation trial",https://extension.umn.edu/vegetables/growing-tomatoes,https://seedracks.southernexposure.com/products/long-keeper-tomato-winter-storage-seed-packet,supplier product description,after transplanting,https://www.southernexposure.com/catalog/sese-catalog-2025-for-web.pdf#page=48,https://seedracks.southernexposure.com/products/long-keeper-tomato-winter-storage-seed-packet,,"supplier cultivar claim; no claim means unknown, not susceptible",https://seedracks.southernexposure.com/products/long-keeper-tomato-winter-storage-seed-packet,"supplier tag or explicit adaptation statement, not a regional trial",crop season classification unless supplier cultivar claim is stated
49126 - Marglobe VF (Marglobe Improved),https://seedracks.southernexposure.com/products/marglobe-vf-marglobe-improved-tomato-seed-packet,https://extension.umn.edu/vegetables/growing-tomatoes,https://www.extension.umd.edu/resource/when-plant-vegetables,https://extension.umn.edu/vegetables/growing-tomatoes,https://seedracks.southernexposure.com/products.json?limit=250&page=1,6494281351,20719693447,2026-10-05,"Soil and water are crop-level guidance. Maturity and disease claims refer to the named cultivar. Regional tags are supplier guidance, not local trial verification. Price is a conditional wholesale unit quote.",https://seedracks.southernexposure.com/pages/pricing,2027 season wholesale Guaranteed Sale Tier 1 unit quote; season-opening order 150-399 total packets; not a one-packet retail offer,true,"crop-level university guidance, not a cultivar soil trial","crop-level university guidance, not a cultivar irrigation trial",https://extension.umn.edu/vegetables/growing-tomatoes,https://seedracks.southernexposure.com/products/marglobe-vf-marglobe-improved-tomato-seed-packet,supplier product description,after transplanting,https://www.southernexposure.com/catalog/sese-catalog-2025-for-web.pdf#page=48,https://seedracks.southernexposure.com/products/marglobe-vf-marglobe-improved-tomato-seed-packet,https://www.southernexposure.com/catalog/sese-catalog-2025-for-web.pdf,supplier cultivar codes decoded using 2025 catalogue key (tomato PDF p49; cucumber PDF p17); resistance/tolerance strength not standardized,https://seedracks.southernexposure.com/products/marglobe-vf-marglobe-improved-tomato-seed-packet,"supplier tag or explicit adaptation statement, not a regional trial",crop season classification unless supplier cultivar claim is stated
49129 - Mortgage Lifter VFN,https://seedracks.southernexposure.com/products/mortgage-lifter-vfn-tomato-seed-packet,https://extension.umn.edu/vegetables/growing-tomatoes,https://www.extension.umd.edu/resource/when-plant-vegetables,https://extension.umn.edu/vegetables/growing-tomatoes,https://seedracks.southernexposure.com/products.json?limit=250&page=1,6494282311,20719695239,2026-10-05,"Soil and water are crop-level guidance. Maturity and disease claims refer to the named cultivar. Regional tags are supplier guidance, not local trial verification. Price is a conditional wholesale unit quote.",https://seedracks.southernexposure.com/pages/pricing,2027 season wholesale Guaranteed Sale Tier 1 unit quote; season-opening order 150-399 total packets; not a one-packet retail offer,true,"crop-level university guidance, not a cultivar soil trial","crop-level university guidance, not a cultivar irrigation trial",https://extension.umn.edu/vegetables/growing-tomatoes,https://seedracks.southernexposure.com/products/mortgage-lifter-vfn-tomato-seed-packet,supplier product description,after transplanting,https://www.southernexposure.com/catalog/sese-catalog-2025-for-web.pdf#page=48,https://seedracks.southernexposure.com/products/mortgage-lifter-vfn-tomato-seed-packet,https://www.southernexposure.com/catalog/sese-catalog-2025-for-web.pdf,supplier cultivar codes decoded using 2025 catalogue key (tomato PDF p49; cucumber PDF p17); resistance/tolerance strength not standardized,https://seedracks.southernexposure.com/products/mortgage-lifter-vfn-tomato-seed-packet,"supplier tag or explicit adaptation statement, not a regional trial",crop season classification unless supplier cultivar claim is stated
49132 - Ozark Pink VF,https://seedracks.southernexposure.com/products/ozark-pink-vf-tomato-seed-packet,https://extension.umn.edu/vegetables/growing-tomatoes,https://www.extension.umd.edu/resource/when-plant-vegetables,https://extension.umn.edu/vegetables/growing-tomatoes,https://seedracks.southernexposure.com/products.json?limit=250&page=1,6494239879,20719601735,2026-10-05,"Soil and water are crop-level guidance. Maturity and disease claims refer to the named cultivar. Regional tags are supplier guidance, not local trial verification. Price is a conditional wholesale unit quote.",https://seedracks.southernexposure.com/pages/pricing,2027 season wholesale Guaranteed Sale Tier 1 unit quote; season-opening order 150-399 total packets; not a one-packet retail offer,true,"crop-level university guidance, not a cultivar soil trial","crop-level university guidance, not a cultivar irrigation trial",https://extension.umn.edu/vegetables/growing-tomatoes,https://seedracks.southernexposure.com/products/ozark-pink-vf-tomato-seed-packet,supplier product description,after transplanting,https://www.southernexposure.com/catalog/sese-catalog-2025-for-web.pdf#page=48,https://seedracks.southernexposure.com/products/ozark-pink-vf-tomato-seed-packet,https://www.southernexposure.com/catalog/sese-catalog-2025-for-web.pdf,supplier cultivar codes decoded using 2025 catalogue key (tomato PDF p49; cucumber PDF p17); resistance/tolerance strength not standardized,https://seedracks.southernexposure.com/products/ozark-pink-vf-tomato-seed-packet,"supplier tag or explicit adaptation statement, not a regional trial",crop-level season plus explicit supplier cultivar adaptation statement
49133 - Persimmon,https://seedracks.southernexposure.com/products/persimmon-tomato-seed-packet,https://extension.umn.edu/vegetables/growing-tomatoes,https://www.extension.umd.edu/resource/when-plant-vegetables,https://extension.umn.edu/vegetables/growing-tomatoes,https://seedracks.southernexposure.com/products.json?limit=250&page=2,6494363527,20719913351,2026-10-05,"Soil and water are crop-level guidance. Maturity and disease claims refer to the named cultivar. Regional tags are supplier guidance, not local trial verification. Price is a conditional wholesale unit quote.",https://seedracks.southernexposure.com/pages/pricing,2027 season wholesale Guaranteed Sale Tier 1 unit quote; season-opening order 150-399 total packets; not a one-packet retail offer,true,"crop-level university guidance, not a cultivar soil trial","crop-level university guidance, not a cultivar irrigation trial",https://extension.umn.edu/vegetables/growing-tomatoes,https://seedracks.southernexposure.com/products/persimmon-tomato-seed-packet,supplier product description,after transplanting,https://www.southernexposure.com/catalog/sese-catalog-2025-for-web.pdf#page=48,https://seedracks.southernexposure.com/products/persimmon-tomato-seed-packet,,"supplier cultivar claim; no claim means unknown, not susceptible",https://seedracks.southernexposure.com/products/persimmon-tomato-seed-packet,"supplier tag or explicit adaptation statement, not a regional trial",crop season classification unless supplier cultivar claim is stated
49136 - Red Cherry (Old Fashioned Red),https://seedracks.southernexposure.com/products/red-cherry-tomato-cherry-seed-packet,https://extension.umn.edu/vegetables/growing-tomatoes,https://www.extension.umd.edu/resource/when-plant-vegetables,https://extension.umn.edu/vegetables/growing-tomatoes,https://seedracks.southernexposure.com/products.json?limit=250&page=1,6494491079,20720229959,2026-10-05,"Soil and water are crop-level guidance. Maturity and disease claims refer to the named cultivar. Regional tags are supplier guidance, not local trial verification. Price is a conditional wholesale unit quote.",https://seedracks.southernexposure.com/pages/pricing,2027 season wholesale Guaranteed Sale Tier 1 unit quote; season-opening order 150-399 total packets; not a one-packet retail offer,true,"crop-level university guidance, not a cultivar soil trial","crop-level university guidance, not a cultivar irrigation trial",https://extension.umn.edu/vegetables/growing-tomatoes,https://seedracks.southernexposure.com/products/red-cherry-tomato-cherry-seed-packet,supplier product description,after transplanting,https://www.southernexposure.com/catalog/sese-catalog-2025-for-web.pdf#page=48,https://seedracks.southernexposure.com/products/red-cherry-tomato-cherry-seed-packet,,"supplier cultivar claim; no claim means unknown, not susceptible",https://seedracks.southernexposure.com/products/red-cherry-tomato-cherry-seed-packet,"supplier tag or explicit adaptation statement, not a regional trial",crop season classification unless supplier cultivar claim is stated
49138 - Roma VF,https://seedracks.southernexposure.com/products/roma-vf-tomato-seed-packet,https://extension.umn.edu/vegetables/growing-tomatoes,https://www.extension.umd.edu/resource/when-plant-vegetables,https://extension.umn.edu/vegetables/growing-tomatoes,https://seedracks.southernexposure.com/products.json?limit=250&page=1,6494213063,20719524487,2026-10-05,"Soil and water are crop-level guidance. Maturity and disease claims refer to the named cultivar. Regional tags are supplier guidance, not local trial verification. Price is a conditional wholesale unit quote.",https://seedracks.southernexposure.com/pages/pricing,2027 season wholesale Guaranteed Sale Tier 1 unit quote; season-opening order 150-399 total packets; not a one-packet retail offer,true,"crop-level university guidance, not a cultivar soil trial","crop-level university guidance, not a cultivar irrigation trial",https://extension.umn.edu/vegetables/growing-tomatoes,https://seedracks.southernexposure.com/products/roma-vf-tomato-seed-packet,supplier product description,after transplanting,https://www.southernexposure.com/catalog/sese-catalog-2025-for-web.pdf#page=48,https://seedracks.southernexposure.com/products/roma-vf-tomato-seed-packet,https://www.southernexposure.com/catalog/sese-catalog-2025-for-web.pdf,supplier cultivar codes decoded using 2025 catalogue key (tomato PDF p49; cucumber PDF p17); resistance/tolerance strength not standardized,https://seedracks.southernexposure.com/products/roma-vf-tomato-seed-packet,"supplier tag or explicit adaptation statement, not a regional trial",crop season classification unless supplier cultivar claim is stated
49145 - Tropic VFN,https://seedracks.southernexposure.com/products/tropic-vfn-tomato-seed-packet,https://extension.umn.edu/vegetables/growing-tomatoes,https://www.extension.umd.edu/resource/when-plant-vegetables,https://extension.umn.edu/vegetables/growing-tomatoes,https://seedracks.southernexposure.com/products.json?limit=250&page=1,6494288007,20719704071,2026-10-05,"Soil and water are crop-level guidance. Maturity and disease claims refer to the named cultivar. Regional tags are supplier guidance, not local trial verification. Price is a conditional wholesale unit quote.",https://seedracks.southernexposure.com/pages/pricing,2027 season wholesale Guaranteed Sale Tier 1 unit quote; season-opening order 150-399 total packets; not a one-packet retail offer,true,"crop-level university guidance, not a cultivar soil trial","crop-level university guidance, not a cultivar irrigation trial",https://extension.umn.edu/vegetables/growing-tomatoes,https://seedracks.southernexposure.com/products/tropic-vfn-tomato-seed-packet,supplier product description,after transplanting,https://www.southernexposure.com/catalog/sese-catalog-2025-for-web.pdf#page=48,https://seedracks.southernexposure.com/products/tropic-vfn-tomato-seed-packet,https://www.southernexposure.com/catalog/sese-catalog-2025-for-web.pdf,supplier cultivar codes decoded using 2025 catalogue key (tomato PDF p49; cucumber PDF p17); resistance/tolerance strength not standardized,https://seedracks.southernexposure.com/products/tropic-vfn-tomato-seed-packet,"supplier tag or explicit adaptation statement, not a regional trial",crop-level season plus explicit supplier cultivar adaptation statement
49154 - Yellow Pear,https://seedracks.southernexposure.com/products/yellow-pear-tomato-cherry-seed-packet,https://extension.umn.edu/vegetables/growing-tomatoes,https://www.extension.umd.edu/resource/when-plant-vegetables,https://extension.umn.edu/vegetables/growing-tomatoes,https://seedracks.southernexposure.com/products.json?limit=250&page=1,6494348231,20719872903,2026-10-05,"Soil and water are crop-level guidance. Maturity and disease claims refer to the named cultivar. Regional tags are supplier guidance, not local trial verification. Price is a conditional wholesale unit quote.",https://seedracks.southernexposure.com/pages/pricing,2027 season wholesale Guaranteed Sale Tier 1 unit quote; season-opening order 150-399 total packets; not a one-packet retail offer,true,"crop-level university guidance, not a cultivar soil trial","crop-level university guidance, not a cultivar irrigation trial",https://extension.umn.edu/vegetables/growing-tomatoes,https://seedracks.southernexposure.com/products/yellow-pear-tomato-cherry-seed-packet,supplier product description,after transplanting,https://www.southernexposure.com/catalog/sese-catalog-2025-for-web.pdf#page=48,https://seedracks.southernexposure.com/products/yellow-pear-tomato-cherry-seed-packet,https://www.southernexposure.com/catalog/sese-catalog-2025-for-web.pdf,supplier cultivar codes decoded using 2025 catalogue key (tomato PDF p49; cucumber PDF p17); resistance/tolerance strength not standardized,https://seedracks.southernexposure.com/products/yellow-pear-tomato-cherry-seed-packet,"supplier tag or explicit adaptation statement, not a regional trial",crop-level season plus explicit supplier cultivar adaptation statement
49180 - Black Prince,https://seedracks.southernexposure.com/products/black-prince-tomato-seed-packet,https://extension.umn.edu/vegetables/growing-tomatoes,https://www.extension.umd.edu/resource/when-plant-vegetables,https://extension.umn.edu/vegetables/growing-tomatoes,https://seedracks.southernexposure.com/products.json?limit=250&page=2,6494260551,20719646535,2026-10-05,"Soil and water are crop-level guidance. Maturity and disease claims refer to the named cultivar. Regional tags are supplier guidance, not local trial verification. Price is a conditional wholesale unit quote.",https://seedracks.southernexposure.com/pages/pricing,2027 season wholesale Guaranteed Sale Tier 1 unit quote; season-opening order 150-399 total packets; not a one-packet retail offer,true,"crop-level university guidance, not a cultivar soil trial","crop-level university guidance, not a cultivar irrigation trial",https://extension.umn.edu/vegetables/growing-tomatoes,https://seedracks.southernexposure.com/products/black-prince-tomato-seed-packet,supplier product description,after transplanting,https://www.southernexposure.com/catalog/sese-catalog-2025-for-web.pdf#page=48,https://seedracks.southernexposure.com/products/black-prince-tomato-seed-packet,,"supplier cultivar claim; no claim means unknown, not susceptible",https://seedracks.southernexposure.com/products/black-prince-tomato-seed-packet,"supplier tag or explicit adaptation statement, not a regional trial",crop season classification unless supplier cultivar claim is stated
49183 - Large Red,https://seedracks.southernexposure.com/products/large-red-tomato-seed-packet,https://extension.umn.edu/vegetables/growing-tomatoes,https://www.extension.umd.edu/resource/when-plant-vegetables,https://extension.umn.edu/vegetables/growing-tomatoes,https://seedracks.southernexposure.com/products.json?limit=250&page=1,6494315015,20719788679,2026-10-05,"Soil and water are crop-level guidance. Maturity and disease claims refer to the named cultivar. Regional tags are supplier guidance, not local trial verification. Price is a conditional wholesale unit quote.",https://seedracks.southernexposure.com/pages/pricing,2027 season wholesale Guaranteed Sale Tier 1 unit quote; season-opening order 150-399 total packets; not a one-packet retail offer,true,"crop-level university guidance, not a cultivar soil trial","crop-level university guidance, not a cultivar irrigation trial",https://extension.umn.edu/vegetables/growing-tomatoes,https://seedracks.southernexposure.com/products/large-red-tomato-seed-packet,supplier product description,after transplanting,https://www.southernexposure.com/catalog/sese-catalog-2025-for-web.pdf#page=48,https://seedracks.southernexposure.com/products/large-red-tomato-seed-packet,,"supplier cultivar claim; no claim means unknown, not susceptible",https://seedracks.southernexposure.com/products/large-red-tomato-seed-packet,"supplier tag or explicit adaptation statement, not a regional trial",crop season classification unless supplier cultivar claim is stated
"49186 - Brandywine, Yellow",https://seedracks.southernexposure.com/products/brandywine-yellow-tomato-seed-packet,https://extension.umn.edu/vegetables/growing-tomatoes,https://www.extension.umd.edu/resource/when-plant-vegetables,https://extension.umn.edu/vegetables/growing-tomatoes,https://seedracks.southernexposure.com/products.json?limit=250&page=1,6494367879,20719920391,2026-10-05,"Soil and water are crop-level guidance. Maturity and disease claims refer to the named cultivar. Regional tags are supplier guidance, not local trial verification. Price is a conditional wholesale unit quote.",https://seedracks.southernexposure.com/pages/pricing,2027 season wholesale Guaranteed Sale Tier 1 unit quote; season-opening order 150-399 total packets; not a one-packet retail offer,true,"crop-level university guidance, not a cultivar soil trial","crop-level university guidance, not a cultivar irrigation trial",https://extension.umn.edu/vegetables/growing-tomatoes,https://seedracks.southernexposure.com/products/brandywine-yellow-tomato-seed-packet,supplier product description,after transplanting,https://www.southernexposure.com/catalog/sese-catalog-2025-for-web.pdf#page=48,https://seedracks.southernexposure.com/products/brandywine-yellow-tomato-seed-packet,,"supplier cultivar claim; no claim means unknown, not susceptible",https://seedracks.southernexposure.com/products/brandywine-yellow-tomato-seed-packet,"supplier tag or explicit adaptation statement, not a regional trial",crop season classification unless supplier cultivar claim is stated
"49189 - Brandywine, OTV",https://seedracks.southernexposure.com/products/brandywine-otv-tomato-seed-packet,https://extension.umn.edu/vegetables/growing-tomatoes,https://www.extension.umd.edu/resource/when-plant-vegetables,https://extension.umn.edu/vegetables/growing-tomatoes,https://seedracks.southernexposure.com/products.json?limit=250&page=1,6494320519,20719804551,2026-10-05,"Soil and water are crop-level guidance. Maturity and disease claims refer to the named cultivar. Regional tags are supplier guidance, not local trial verification. Price is a conditional wholesale unit quote.",https://seedracks.southernexposure.com/pages/pricing,2027 season wholesale Guaranteed Sale Tier 1 unit quote; season-opening order 150-399 total packets; not a one-packet retail offer,true,"crop-level university guidance, not a cultivar soil trial","crop-level university guidance, not a cultivar irrigation trial",https://extension.umn.edu/vegetables/growing-tomatoes,https://seedracks.southernexposure.com/products/brandywine-otv-tomato-seed-packet,supplier product description,after transplanting,https://www.southernexposure.com/catalog/sese-catalog-2025-for-web.pdf#page=48,https://seedracks.southernexposure.com/products/brandywine-otv-tomato-seed-packet,,"supplier cultivar claim; no claim means unknown, not susceptible",https://seedracks.southernexposure.com/products/brandywine-otv-tomato-seed-packet,"supplier tag or explicit adaptation statement, not a regional trial",crop-level season plus explicit supplier cultivar adaptation statement
49196 - Glacier,https://seedracks.southernexposure.com/products/glacier-tomato-seed-packet,https://extension.umn.edu/vegetables/growing-tomatoes,https://www.extension.umd.edu/resource/when-plant-vegetables,https://extension.umn.edu/vegetables/growing-tomatoes,https://seedracks.southernexposure.com/products.json?limit=250&page=1,6494330055,20719829959,2026-10-05,"Soil and water are crop-level guidance. Maturity and disease claims refer to the named cultivar. Regional tags are supplier guidance, not local trial verification. Price is a conditional wholesale unit quote.",https://seedracks.southernexposure.com/pages/pricing,2027 season wholesale Guaranteed Sale Tier 1 unit quote; season-opening order 150-399 total packets; not a one-packet retail offer,true,"crop-level university guidance, not a cultivar soil trial","crop-level university guidance, not a cultivar irrigation trial",https://extension.umn.edu/vegetables/growing-tomatoes,https://seedracks.southernexposure.com/products/glacier-tomato-seed-packet,supplier product description,after transplanting,https://www.southernexposure.com/catalog/sese-catalog-2025-for-web.pdf#page=48,https://seedracks.southernexposure.com/products/glacier-tomato-seed-packet,,"supplier cultivar claim; no claim means unknown, not susceptible",https://seedracks.southernexposure.com/products/glacier-tomato-seed-packet,"supplier tag or explicit adaptation statement, not a regional trial",crop-level season plus explicit supplier cultivar adaptation statement
49197 - Amish Paste,https://seedracks.southernexposure.com/products/amish-paste-tomato-seed-packet,https://extension.umn.edu/vegetables/growing-tomatoes,https://www.extension.umd.edu/resource/when-plant-vegetables,https://extension.umn.edu/vegetables/growing-tomatoes,https://seedracks.southernexposure.com/products.json?limit=250&page=1,6494216583,20719534791,2026-10-05,"Soil and water are crop-level guidance. Maturity and disease claims refer to the named cultivar. Regional tags are supplier guidance, not local trial verification. Price is a conditional wholesale unit quote.",https://seedracks.southernexposure.com/pages/pricing,2027 season wholesale Guaranteed Sale Tier 1 unit quote; season-opening order 150-399 total packets; not a one-packet retail offer,true,"crop-level university guidance, not a cultivar soil trial","crop-level university guidance, not a cultivar irrigation trial",https://extension.umn.edu/vegetables/growing-tomatoes,https://seedracks.southernexposure.com/products/amish-paste-tomato-seed-packet,supplier product description,after transplanting,https://www.southernexposure.com/catalog/sese-catalog-2025-for-web.pdf#page=48,https://seedracks.southernexposure.com/products/amish-paste-tomato-seed-packet,,"supplier cultivar claim; no claim means unknown, not susceptible",https://seedracks.southernexposure.com/products/amish-paste-tomato-seed-packet,"supplier tag or explicit adaptation statement, not a regional trial",crop season classification unless supplier cultivar claim is stated
49200 - Principe Borghese,https://seedracks.southernexposure.com/products/principe-borghese-tomato-drying-seed-packet,https://extension.umn.edu/vegetables/growing-tomatoes,https://www.extension.umd.edu/resource/when-plant-vegetables,https://extension.umn.edu/vegetables/growing-tomatoes,https://seedracks.southernexposure.com/products.json?limit=250&page=1,6494219335,20719545287,2026-10-05,"Soil and water are crop-level guidance. Maturity and disease claims refer to the named cultivar. Regional tags are supplier guidance, not local trial verification. Price is a conditional wholesale unit quote.",https://seedracks.southernexposure.com/pages/pricing,2027 season wholesale Guaranteed Sale Tier 1 unit quote; season-opening order 150-399 total packets; not a one-packet retail offer,true,"crop-level university guidance, not a cultivar soil trial","crop-level university guidance, not a cultivar irrigation trial",https://extension.umn.edu/vegetables/growing-tomatoes,https://seedracks.southernexposure.com/products/principe-borghese-tomato-drying-seed-packet,supplier product description,after transplanting,https://www.southernexposure.com/catalog/sese-catalog-2025-for-web.pdf#page=48,https://seedracks.southernexposure.com/products/principe-borghese-tomato-drying-seed-packet,,"supplier cultivar claim; no claim means unknown, not susceptible",https://seedracks.southernexposure.com/products/principe-borghese-tomato-drying-seed-packet,"supplier tag or explicit adaptation statement, not a regional trial",crop season classification unless supplier cultivar claim is stated
49201 - Garden Peach,https://seedracks.southernexposure.com/products/garden-peach-tomato-seed-packet,https://extension.umn.edu/vegetables/growing-tomatoes,https://www.extension.umd.edu/resource/when-plant-vegetables,https://extension.umn.edu/vegetables/growing-tomatoes,https://seedracks.southernexposure.com/products.json?limit=250&page=1,6494369927,20719923591,2026-10-05,"Soil and water are crop-level guidance. Maturity and disease claims refer to the named cultivar. Regional tags are supplier guidance, not local trial verification. Price is a conditional wholesale unit quote.",https://seedracks.southernexposure.com/pages/pricing,2027 season wholesale Guaranteed Sale Tier 1 unit quote; season-opening order 150-399 total packets; not a one-packet retail offer,true,"crop-level university guidance, not a cultivar soil trial","crop-level university guidance, not a cultivar irrigation trial",https://extension.umn.edu/vegetables/growing-tomatoes,https://seedracks.southernexposure.com/products/garden-peach-tomato-seed-packet,supplier product description,after transplanting,https://www.southernexposure.com/catalog/sese-catalog-2025-for-web.pdf#page=48,https://seedracks.southernexposure.com/products/garden-peach-tomato-seed-packet,,"supplier cultivar claim; no claim means unknown, not susceptible",https://seedracks.southernexposure.com/products/garden-peach-tomato-seed-packet,"supplier tag or explicit adaptation statement, not a regional trial",crop season classification unless supplier cultivar claim is stated
49202 - Martian Giant Slicer,https://seedracks.southernexposure.com/products/martian-giant-slicer-tomato-seed-packet,https://extension.umn.edu/vegetables/growing-tomatoes,https://www.extension.umd.edu/resource/when-plant-vegetables,https://extension.umn.edu/vegetables/growing-tomatoes,https://seedracks.southernexposure.com/products.json?limit=250&page=1,6494331143,20719831431,2026-10-05,"Soil and water are crop-level guidance. Maturity and disease claims refer to the named cultivar. Regional tags are supplier guidance, not local trial verification. Price is a conditional wholesale unit quote.",https://seedracks.southernexposure.com/pages/pricing,2027 season wholesale Guaranteed Sale Tier 1 unit quote; season-opening order 150-399 total packets; not a one-packet retail offer,true,"crop-level university guidance, not a cultivar soil trial","crop-level university guidance, not a cultivar irrigation trial",https://extension.umn.edu/vegetables/growing-tomatoes,https://seedracks.southernexposure.com/products/martian-giant-slicer-tomato-seed-packet,supplier product description,after transplanting,https://www.southernexposure.com/catalog/sese-catalog-2025-for-web.pdf#page=48,https://seedracks.southernexposure.com/products/martian-giant-slicer-tomato-seed-packet,,"supplier cultivar claim; no claim means unknown, not susceptible",https://seedracks.southernexposure.com/products/martian-giant-slicer-tomato-seed-packet,"supplier tag or explicit adaptation statement, not a regional trial",crop season classification unless supplier cultivar claim is stated
49205 - Black Plum,https://seedracks.southernexposure.com/products/black-plum-tomato-seed-packet,https://extension.umn.edu/vegetables/growing-tomatoes,https://www.extension.umd.edu/resource/when-plant-vegetables,https://extension.umn.edu/vegetables/growing-tomatoes,https://seedracks.southernexposure.com/products.json?limit=250&page=1,6494228807,20719561031,2026-10-05,"Soil and water are crop-level guidance. Maturity and disease claims refer to the named cultivar. Regional tags are supplier guidance, not local trial verification. Price is a conditional wholesale unit quote.",https://seedracks.southernexposure.com/pages/pricing,2027 season wholesale Guaranteed Sale Tier 1 unit quote; season-opening order 150-399 total packets; not a one-packet retail offer,true,"crop-level university guidance, not a cultivar soil trial","crop-level university guidance, not a cultivar irrigation trial",https://extension.umn.edu/vegetables/growing-tomatoes,https://seedracks.southernexposure.com/products/black-plum-tomato-seed-packet,supplier product description,after transplanting,https://www.southernexposure.com/catalog/sese-catalog-2025-for-web.pdf#page=48,https://seedracks.southernexposure.com/products/black-plum-tomato-seed-packet,,"supplier cultivar claim; no claim means unknown, not susceptible",https://seedracks.southernexposure.com/products/black-plum-tomato-seed-packet,"supplier tag or explicit adaptation statement, not a regional trial",crop season classification unless supplier cultivar claim is stated
49208 - Granny Cantrell's German Red/Pink,https://seedracks.southernexposure.com/products/granny-cantrells-german-red-pink-tomato-seed-packet,https://extension.umn.edu/vegetables/growing-tomatoes,https://www.extension.umd.edu/resource/when-plant-vegetables,https://extension.umn.edu/vegetables/growing-tomatoes,https://seedracks.southernexposure.com/products.json?limit=250&page=2,6494253319,20719631111,2026-10-05,"Soil and water are crop-level guidance. Maturity and disease claims refer to the named cultivar. Regional tags are supplier guidance, not local trial verification. Price is a conditional wholesale unit quote.",https://seedracks.southernexposure.com/pages/pricing,2027 season wholesale Guaranteed Sale Tier 1 unit quote; season-opening order 150-399 total packets; not a one-packet retail offer,true,"crop-level university guidance, not a cultivar soil trial","crop-level university guidance, not a cultivar irrigation trial",https://extension.umn.edu/vegetables/growing-tomatoes,https://seedracks.southernexposure.com/products/granny-cantrells-german-red-pink-tomato-seed-packet,supplier product description,after transplanting,https://www.southernexposure.com/catalog/sese-catalog-2025-for-web.pdf#page=48,https://seedracks.southernexposure.com/products/granny-cantrells-german-red-pink-tomato-seed-packet,,"supplier cultivar claim; no claim means unknown, not susceptible",https://seedracks.southernexposure.com/products/granny-cantrells-german-red-pink-tomato-seed-packet,"supplier tag or explicit adaptation statement, not a regional trial",crop season classification unless supplier cultivar claim is stated
49211 - Striped Roman,https://seedracks.southernexposure.com/products/striped-roman-tomato-seed-packet,https://extension.umn.edu/vegetables/growing-tomatoes,https://www.extension.umd.edu/resource/when-plant-vegetables,https://extension.umn.edu/vegetables/growing-tomatoes,https://seedracks.southernexposure.com/products.json?limit=250&page=2,6494199687,20719492743,2026-10-05,"Soil and water are crop-level guidance. Maturity and disease claims refer to the named cultivar. Regional tags are supplier guidance, not local trial verification. Price is a conditional wholesale unit quote.",https://seedracks.southernexposure.com/pages/pricing,2027 season wholesale Guaranteed Sale Tier 1 unit quote; season-opening order 150-399 total packets; not a one-packet retail offer,true,"crop-level university guidance, not a cultivar soil trial","crop-level university guidance, not a cultivar irrigation trial",https://extension.umn.edu/vegetables/growing-tomatoes,https://seedracks.southernexposure.com/products/striped-roman-tomato-seed-packet,supplier product description,after transplanting,https://www.southernexposure.com/catalog/sese-catalog-2025-for-web.pdf#page=48,https://seedracks.southernexposure.com/products/striped-roman-tomato-seed-packet,,"supplier cultivar claim; no claim means unknown, not susceptible",https://seedracks.southernexposure.com/products/striped-roman-tomato-seed-packet,"supplier tag or explicit adaptation statement, not a regional trial",crop season classification unless supplier cultivar claim is stated
49215 - Old Virginia,https://seedracks.southernexposure.com/products/old-virginia-tomato-seed-packet,https://extension.umn.edu/vegetables/growing-tomatoes,https://www.extension.umd.edu/resource/when-plant-vegetables,https://extension.umn.edu/vegetables/growing-tomatoes,https://seedracks.southernexposure.com/products.json?limit=250&page=1,6494335431,20719839623,2026-10-05,"Soil and water are crop-level guidance. Maturity and disease claims refer to the named cultivar. Regional tags are supplier guidance, not local trial verification. Price is a conditional wholesale unit quote.",https://seedracks.southernexposure.com/pages/pricing,2027 season wholesale Guaranteed Sale Tier 1 unit quote; season-opening order 150-399 total packets; not a one-packet retail offer,true,"crop-level university guidance, not a cultivar soil trial","crop-level university guidance, not a cultivar irrigation trial",https://extension.umn.edu/vegetables/growing-tomatoes,https://seedracks.southernexposure.com/products/old-virginia-tomato-seed-packet,supplier product description,after transplanting,https://www.southernexposure.com/catalog/sese-catalog-2025-for-web.pdf#page=48,https://seedracks.southernexposure.com/products/old-virginia-tomato-seed-packet,,"supplier cultivar claim; no claim means unknown, not susceptible",https://seedracks.southernexposure.com/products/old-virginia-tomato-seed-packet,"supplier tag or explicit adaptation statement, not a regional trial",crop-level season plus explicit supplier cultivar adaptation statement
49236 - Amy's Apricot Mix (Amy's Apricot),https://seedracks.southernexposure.com/products/amys-apricot-tomato-seed-packet,https://extension.umn.edu/vegetables/growing-tomatoes,https://www.extension.umd.edu/resource/when-plant-vegetables,https://extension.umn.edu/vegetables/growing-tomatoes,https://seedracks.southernexposure.com/products.json?limit=250&page=1,6494572295,20720394439,2026-10-05,"Soil and water are crop-level guidance. Maturity and disease claims refer to the named cultivar. Regional tags are supplier guidance, not local trial verification. Price is a conditional wholesale unit quote.",https://seedracks.southernexposure.com/pages/pricing,2027 season wholesale Guaranteed Sale Tier 1 unit quote; season-opening order 150-399 total packets; not a one-packet retail offer,true,"crop-level university guidance, not a cultivar soil trial","crop-level university guidance, not a cultivar irrigation trial",https://extension.umn.edu/vegetables/growing-tomatoes,https://seedracks.southernexposure.com/products/amys-apricot-tomato-seed-packet,supplier product description,after transplanting,https://www.southernexposure.com/catalog/sese-catalog-2025-for-web.pdf#page=48,https://seedracks.southernexposure.com/products/amys-apricot-tomato-seed-packet,,"supplier cultivar claim; no claim means unknown, not susceptible",https://seedracks.southernexposure.com/products/amys-apricot-tomato-seed-packet,"supplier tag or explicit adaptation statement, not a regional trial",crop season classification unless supplier cultivar claim is stated
49239 - West Virginia 63,https://seedracks.southernexposure.com/products/west-virginia-63-tomato,https://extension.umn.edu/vegetables/growing-tomatoes,https://www.extension.umd.edu/resource/when-plant-vegetables,https://extension.umn.edu/vegetables/growing-tomatoes,https://seedracks.southernexposure.com/products.json?limit=250&page=1,6494632903,20720500295,2026-10-05,"Soil and water are crop-level guidance. Maturity and disease claims refer to the named cultivar. Regional tags are supplier guidance, not local trial verification. Price is a conditional wholesale unit quote.",https://seedracks.southernexposure.com/pages/pricing,2027 season wholesale Guaranteed Sale Tier 1 unit quote; season-opening order 150-399 total packets; not a one-packet retail offer,true,"crop-level university guidance, not a cultivar soil trial","crop-level university guidance, not a cultivar irrigation trial",https://extension.umn.edu/vegetables/growing-tomatoes,https://seedracks.southernexposure.com/products/west-virginia-63-tomato,supplier product description,after transplanting,https://www.southernexposure.com/catalog/sese-catalog-2025-for-web.pdf#page=48,https://seedracks.southernexposure.com/products/west-virginia-63-tomato,https://www.southernexposure.com/catalog/sese-catalog-2025-for-web.pdf,supplier cultivar codes decoded using 2025 catalogue key (tomato PDF p49; cucumber PDF p17); resistance/tolerance strength not standardized,https://seedracks.southernexposure.com/products/west-virginia-63-tomato,"supplier tag or explicit adaptation statement, not a regional trial",crop season classification unless supplier cultivar claim is stated
49248 - San Marzano,https://seedracks.southernexposure.com/products/san-marzano-tomato-seed-packet,https://extension.umn.edu/vegetables/growing-tomatoes,https://www.extension.umd.edu/resource/when-plant-vegetables,https://extension.umn.edu/vegetables/growing-tomatoes,https://seedracks.southernexposure.com/products.json?limit=250&page=1,6494575879,20720398663,2026-10-05,"Soil and water are crop-level guidance. Maturity and disease claims refer to the named cultivar. Regional tags are supplier guidance, not local trial verification. Price is a conditional wholesale unit quote.",https://seedracks.southernexposure.com/pages/pricing,2027 season wholesale Guaranteed Sale Tier 1 unit quote; season-opening order 150-399 total packets; not a one-packet retail offer,true,"crop-level university guidance, not a cultivar soil trial","crop-level university guidance, not a cultivar irrigation trial",https://extension.umn.edu/vegetables/growing-tomatoes,https://seedracks.southernexposure.com/products/san-marzano-tomato-seed-packet,supplier product description,after transplanting,https://www.southernexposure.com/catalog/sese-catalog-2025-for-web.pdf#page=48,https://seedracks.southernexposure.com/products/san-marzano-tomato-seed-packet,,"supplier cultivar claim; no claim means unknown, not susceptible",https://seedracks.southernexposure.com/products/san-marzano-tomato-seed-packet,"supplier tag or explicit adaptation statement, not a regional trial",crop season classification unless supplier cultivar claim is stated
49252 - Black Cherry,https://seedracks.southernexposure.com/products/49252-black-cherry-tomato,https://extension.umn.edu/vegetables/growing-tomatoes,https://www.extension.umd.edu/resource/when-plant-vegetables,https://extension.umn.edu/vegetables/growing-tomatoes,https://seedracks.southernexposure.com/products.json?limit=250&page=1,11189970068,46342296276,2026-10-05,"Soil and water are crop-level guidance. Maturity and disease claims refer to the named cultivar. Regional tags are supplier guidance, not local trial verification. Price is a conditional wholesale unit quote.",https://seedracks.southernexposure.com/pages/pricing,2027 season wholesale Guaranteed Sale Tier 1 unit quote; season-opening order 150-399 total packets; not a one-packet retail offer,true,"crop-level university guidance, not a cultivar soil trial","crop-level university guidance, not a cultivar irrigation trial",https://extension.umn.edu/vegetables/growing-tomatoes,https://seedracks.southernexposure.com/products/49252-black-cherry-tomato,supplier product description,after transplanting,https://www.southernexposure.com/catalog/sese-catalog-2025-for-web.pdf#page=48,https://seedracks.southernexposure.com/products/49252-black-cherry-tomato,,"supplier cultivar claim; no claim means unknown, not susceptible",https://seedracks.southernexposure.com/products/49252-black-cherry-tomato,"supplier tag or explicit adaptation statement, not a regional trial",crop season classification unless supplier cultivar claim is stated
49264 - Mountaineer Delight,https://seedracks.southernexposure.com/products/49264-mountaineer-delight,https://extension.umn.edu/vegetables/growing-tomatoes,https://www.extension.umd.edu/resource/when-plant-vegetables,https://extension.umn.edu/vegetables/growing-tomatoes,https://seedracks.southernexposure.com/products.json?limit=250&page=1,4323933651011,31068268200003,2026-10-05,"Soil and water are crop-level guidance. Maturity and disease claims refer to the named cultivar. Regional tags are supplier guidance, not local trial verification. Price is a conditional wholesale unit quote.",https://seedracks.southernexposure.com/pages/pricing,2027 season wholesale Guaranteed Sale Tier 1 unit quote; season-opening order 150-399 total packets; not a one-packet retail offer,true,"crop-level university guidance, not a cultivar soil trial","crop-level university guidance, not a cultivar irrigation trial",https://extension.umn.edu/vegetables/growing-tomatoes,https://seedracks.southernexposure.com/products/49264-mountaineer-delight,supplier product description,after transplanting,https://www.southernexposure.com/catalog/sese-catalog-2025-for-web.pdf#page=48,https://seedracks.southernexposure.com/products/49264-mountaineer-delight,https://www.southernexposure.com/catalog/sese-catalog-2025-for-web.pdf,supplier cultivar codes decoded using 2025 catalogue key (tomato PDF p49; cucumber PDF p17); resistance/tolerance strength not standardized,https://seedracks.southernexposure.com/products/49264-mountaineer-delight,"supplier tag or explicit adaptation statement, not a regional trial",crop season classification unless supplier cultivar claim is stated
49267 - Everglades,https://seedracks.southernexposure.com/products/49267-everglades-cherry-tomato,https://extension.umn.edu/vegetables/growing-tomatoes,https://www.extension.umd.edu/resource/when-plant-vegetables,https://extension.umn.edu/vegetables/growing-tomatoes,https://seedracks.southernexposure.com/products.json?limit=250&page=1,7359417909315,42042591379523,2026-10-05,"Soil and water are crop-level guidance. Maturity and disease claims refer to the named cultivar. Regional tags are supplier guidance, not local trial verification. Price is a conditional wholesale unit quote.",https://seedracks.southernexposure.com/pages/pricing,2027 season wholesale Guaranteed Sale Tier 1 unit quote; season-opening order 150-399 total packets; not a one-packet retail offer,true,"crop-level university guidance, not a cultivar soil trial","crop-level university guidance, not a cultivar irrigation trial",https://extension.umn.edu/vegetables/growing-tomatoes,https://seedracks.southernexposure.com/products/49267-everglades-cherry-tomato,supplier product description,after transplanting,https://www.southernexposure.com/catalog/sese-catalog-2025-for-web.pdf#page=48,https://seedracks.southernexposure.com/products/49267-everglades-cherry-tomato,,"supplier cultivar claim; no claim means unknown, not susceptible",https://seedracks.southernexposure.com/products/49267-everglades-cherry-tomato,"supplier tag or explicit adaptation statement, not a regional trial",crop season classification unless supplier cultivar claim is stated
49275 - Mannon’s Majesty (West Virginia ’23),https://seedracks.southernexposure.com/products/mannon-s-majesty-west-virginia-23,https://extension.umn.edu/vegetables/growing-tomatoes,https://www.extension.umd.edu/resource/when-plant-vegetables,https://extension.umn.edu/vegetables/growing-tomatoes,https://seedracks.southernexposure.com/products.json?limit=250&page=1,7354535575619,42019986309187,2026-10-05,"Soil and water are crop-level guidance. Maturity and disease claims refer to the named cultivar. Regional tags are supplier guidance, not local trial verification. Price is a conditional wholesale unit quote.",https://seedracks.southernexposure.com/pages/pricing,2027 season wholesale Guaranteed Sale Tier 1 unit quote; season-opening order 150-399 total packets; not a one-packet retail offer,false,"crop-level university guidance, not a cultivar soil trial","crop-level university guidance, not a cultivar irrigation trial",https://extension.umn.edu/vegetables/growing-tomatoes,https://seedracks.southernexposure.com/products/mannon-s-majesty-west-virginia-23,supplier product description,after transplanting,https://www.southernexposure.com/catalog/sese-catalog-2025-for-web.pdf#page=48,https://seedracks.southernexposure.com/products/mannon-s-majesty-west-virginia-23,,"supplier cultivar claim; no claim means unknown, not susceptible",https://seedracks.southernexposure.com/products/mannon-s-majesty-west-virginia-23,"supplier tag or explicit adaptation statement, not a regional trial",crop season classification unless supplier cultivar claim is stated
49276 - Brad's Atomic Grape,https://seedracks.southernexposure.com/products/49276-brads-atomic-grape,https://extension.umn.edu/vegetables/growing-tomatoes,https://www.extension.umd.edu/resource/when-plant-vegetables,https://extension.umn.edu/vegetables/growing-tomatoes,https://seedracks.southernexposure.com/products.json?limit=250&page=1,7631899918403,43127618142275,2026-10-05,"Soil and water are crop-level guidance. Maturity and disease claims refer to the named cultivar. Regional tags are supplier guidance, not local trial verification. Price is a conditional wholesale unit quote.",https://seedracks.southernexposure.com/pages/pricing,2027 season wholesale Guaranteed Sale Tier 1 unit quote; season-opening order 150-399 total packets; not a one-packet retail offer,true,"crop-level university guidance, not a cultivar soil trial","crop-level university guidance, not a cultivar irrigation trial",https://extension.umn.edu/vegetables/growing-tomatoes,https://seedracks.southernexposure.com/products/49276-brads-atomic-grape,supplier product description,after transplanting,https://www.southernexposure.com/catalog/sese-catalog-2025-for-web.pdf#page=48,https://seedracks.southernexposure.com/products/49276-brads-atomic-grape,,"supplier cultivar claim; no claim means unknown, not susceptible",https://seedracks.southernexposure.com/products/49276-brads-atomic-grape,"supplier tag or explicit adaptation statement, not a regional trial",crop season classification unless supplier cultivar claim is stated
49801 - Sugar Cherry,https://seedracks.southernexposure.com/products/sugar-cherry-tomato-cherry-seed-packet,https://extension.umn.edu/vegetables/growing-tomatoes,https://www.extension.umd.edu/resource/when-plant-vegetables,https://extension.umn.edu/vegetables/growing-tomatoes,https://seedracks.southernexposure.com/products.json?limit=250&page=1,6494200583,20719493575,2026-10-05,"Soil and water are crop-level guidance. Maturity and disease claims refer to the named cultivar. Regional tags are supplier guidance, not local trial verification. Price is a conditional wholesale unit quote.",https://seedracks.southernexposure.com/pages/pricing,2027 season wholesale Guaranteed Sale Tier 1 unit quote; season-opening order 150-399 total packets; not a one-packet retail offer,true,"crop-level university guidance, not a cultivar soil trial","crop-level university guidance, not a cultivar irrigation trial",https://extension.umn.edu/vegetables/growing-tomatoes,https://seedracks.southernexposure.com/products/sugar-cherry-tomato-cherry-seed-packet,supplier product description,after transplanting,https://www.southernexposure.com/catalog/sese-catalog-2025-for-web.pdf#page=48,https://seedracks.southernexposure.com/products/sugar-cherry-tomato-cherry-seed-packet,,"supplier cultivar claim; no claim means unknown, not susceptible",https://seedracks.southernexposure.com/products/sugar-cherry-tomato-cherry-seed-packet,"supplier tag or explicit adaptation statement, not a regional trial",crop season classification unless supplier cultivar claim is stated
49804 - Matt's Wild Cherry,https://seedracks.southernexposure.com/products/matts-wild-cherry-lycopersicon-esculentum-tomato-cherry-seed-packet,https://extension.umn.edu/vegetables/growing-tomatoes,https://www.extension.umd.edu/resource/when-plant-vegetables,https://extension.umn.edu/vegetables/growing-tomatoes,https://seedracks.southernexposure.com/products.json?limit=250&page=1,6494350919,20719878087,2026-10-05,"Soil and water are crop-level guidance. Maturity and disease claims refer to the named cultivar. Regional tags are supplier guidance, not local trial verification. Price is a conditional wholesale unit quote.",https://seedracks.southernexposure.com/pages/pricing,2027 season wholesale Guaranteed Sale Tier 1 unit quote; season-opening order 150-399 total packets; not a one-packet retail offer,true,"crop-level university guidance, not a cultivar soil trial","crop-level university guidance, not a cultivar irrigation trial",https://extension.umn.edu/vegetables/growing-tomatoes,https://seedracks.southernexposure.com/products/matts-wild-cherry-lycopersicon-esculentum-tomato-cherry-seed-packet,supplier product description,after transplanting,https://www.southernexposure.com/catalog/sese-catalog-2025-for-web.pdf#page=48,https://seedracks.southernexposure.com/products/matts-wild-cherry-lycopersicon-esculentum-tomato-cherry-seed-packet,,"supplier cultivar claim; no claim means unknown, not susceptible",https://seedracks.southernexposure.com/products/matts-wild-cherry-lycopersicon-esculentum-tomato-cherry-seed-packet,"supplier tag or explicit adaptation statement, not a regional trial",crop season classification unless supplier cultivar claim is stated
55101 - Crimson Sweet,https://seedracks.southernexposure.com/products/crimson-sweet-watermelon-seed-packet,https://extension.umn.edu/fruit/growing-melons-home-garden,https://www.extension.umd.edu/resource/when-plant-vegetables,https://extension.umn.edu/fruit/growing-melons-home-garden,https://seedracks.southernexposure.com/products.json?limit=250&page=1,6494382215,20719952263,2026-10-05,"Soil and water are crop-level guidance. Maturity and disease claims refer to the named cultivar. Regional tags are supplier guidance, not local trial verification. Price is a conditional wholesale unit quote.",https://seedracks.southernexposure.com/pages/pricing,2027 season wholesale Guaranteed Sale Tier 1 unit quote; season-opening order 150-399 total packets; not a one-packet retail offer,true,"crop-level university guidance, not a cultivar soil trial","crop-level university guidance, not a cultivar irrigation trial",https://extension.umn.edu/fruit/growing-melons-home-garden,https://seedracks.southernexposure.com/products/crimson-sweet-watermelon-seed-packet,supplier product description,not explicitly established in sources reviewed,,https://seedracks.southernexposure.com/products/crimson-sweet-watermelon-seed-packet,,"supplier cultivar claim; no claim means unknown, not susceptible",https://seedracks.southernexposure.com/products/crimson-sweet-watermelon-seed-packet,"supplier tag or explicit adaptation statement, not a regional trial",crop season classification unless supplier cultivar claim is stated
55103 - Amish Moon And Stars,https://seedracks.southernexposure.com/products/amish-moon-and-stars-watermelon,https://extension.umn.edu/fruit/growing-melons-home-garden,https://www.extension.umd.edu/resource/when-plant-vegetables,https://extension.umn.edu/fruit/growing-melons-home-garden,https://seedracks.southernexposure.com/products.json?limit=250&page=1,6494543175,20720340615,2026-10-05,"Soil and water are crop-level guidance. Maturity and disease claims refer to the named cultivar. Regional tags are supplier guidance, not local trial verification. Price is a conditional wholesale unit quote.",https://seedracks.southernexposure.com/pages/pricing,2027 season wholesale Guaranteed Sale Tier 1 unit quote; season-opening order 150-399 total packets; not a one-packet retail offer,true,"crop-level university guidance, not a cultivar soil trial","crop-level university guidance, not a cultivar irrigation trial",https://extension.umn.edu/fruit/growing-melons-home-garden,https://blog.southernexposure.com/tag/plant-varieties/,Supplier article How to Choose Plant Varieties (2018); current product feed omits maturity,not explicitly established in sources reviewed,,https://seedracks.southernexposure.com/products/amish-moon-and-stars-watermelon,,"supplier cultivar claim; no claim means unknown, not susceptible",https://seedracks.southernexposure.com/products/amish-moon-and-stars-watermelon,"supplier tag or explicit adaptation statement, not a regional trial",crop season classification unless supplier cultivar claim is stated
"55106 - Moon and Stars, Yellow Fleshed",https://seedracks.southernexposure.com/products/moon-and-stars-yellow-fleshed-watermelon-seed-packet,https://extension.umn.edu/fruit/growing-melons-home-garden,https://www.extension.umd.edu/resource/when-plant-vegetables,https://extension.umn.edu/fruit/growing-melons-home-garden,https://seedracks.southernexposure.com/products.json?limit=250&page=1,6494383815,20719953863,2026-10-05,"Soil and water are crop-level guidance. Maturity and disease claims refer to the named cultivar. Regional tags are supplier guidance, not local trial verification. Price is a conditional wholesale unit quote.",https://seedracks.southernexposure.com/pages/pricing,2027 season wholesale Guaranteed Sale Tier 1 unit quote; season-opening order 150-399 total packets; not a one-packet retail offer,true,"crop-level university guidance, not a cultivar soil trial","crop-level university guidance, not a cultivar irrigation trial",https://extension.umn.edu/fruit/growing-melons-home-garden,https://seedracks.southernexposure.com/products/moon-and-stars-yellow-fleshed-watermelon-seed-packet,supplier product description,not explicitly established in sources reviewed,,https://seedracks.southernexposure.com/products/moon-and-stars-yellow-fleshed-watermelon-seed-packet,,"supplier cultivar claim; no claim means unknown, not susceptible",https://seedracks.southernexposure.com/products/moon-and-stars-yellow-fleshed-watermelon-seed-packet,"supplier tag or explicit adaptation statement, not a regional trial",crop season classification unless supplier cultivar claim is stated
55110 - Strawberry Watermelon,https://seedracks.southernexposure.com/products/strawberry-watermelon,https://extension.umn.edu/fruit/growing-melons-home-garden,https://www.extension.umd.edu/resource/when-plant-vegetables,https://extension.umn.edu/fruit/growing-melons-home-garden,https://seedracks.southernexposure.com/products.json?limit=250&page=1,6494385479,20719957831,2026-10-05,"Soil and water are crop-level guidance. Maturity and disease claims refer to the named cultivar. Regional tags are supplier guidance, not local trial verification. Price is a conditional wholesale unit quote.",https://seedracks.southernexposure.com/pages/pricing,2027 season wholesale Guaranteed Sale Tier 1 unit quote; season-opening order 150-399 total packets; not a one-packet retail offer,true,"crop-level university guidance, not a cultivar soil trial","crop-level university guidance, not a cultivar irrigation trial",https://extension.umn.edu/fruit/growing-melons-home-garden,https://seedracks.southernexposure.com/products/strawberry-watermelon,supplier product description,not explicitly established in sources reviewed,,https://seedracks.southernexposure.com/products/strawberry-watermelon,,"supplier cultivar claim; no claim means unknown, not susceptible",https://seedracks.southernexposure.com/products/strawberry-watermelon,"supplier tag or explicit adaptation statement, not a regional trial",crop season classification unless supplier cultivar claim is stated
55111 - Sugar Baby,https://seedracks.southernexposure.com/products/sugar-baby-watermelon-seed-packet,https://extension.umn.edu/fruit/growing-melons-home-garden,https://www.extension.umd.edu/resource/when-plant-vegetables,https://extension.umn.edu/fruit/growing-melons-home-garden,https://seedracks.southernexposure.com/products.json?limit=250&page=1,6494386567,20719959047,2026-10-05,"Soil and water are crop-level guidance. Maturity and disease claims refer to the named cultivar. Regional tags are supplier guidance, not local trial verification. Price is a conditional wholesale unit quote.",https://seedracks.southernexposure.com/pages/pricing,2027 season wholesale Guaranteed Sale Tier 1 unit quote; season-opening order 150-399 total packets; not a one-packet retail offer,true,"crop-level university guidance, not a cultivar soil trial","crop-level university guidance, not a cultivar irrigation trial",https://extension.umn.edu/fruit/growing-melons-home-garden,https://seedracks.southernexposure.com/products/sugar-baby-watermelon-seed-packet,supplier product description,not explicitly established in sources reviewed,,https://seedracks.southernexposure.com/products/sugar-baby-watermelon-seed-packet,,"supplier cultivar claim; no claim means unknown, not susceptible",https://seedracks.southernexposure.com/products/sugar-baby-watermelon-seed-packet,"supplier tag or explicit adaptation statement, not a regional trial",crop season classification unless supplier cultivar claim is stated
55117 - Stone Mountain,https://seedracks.southernexposure.com/products/stone-mountain-watermelon,https://extension.umn.edu/fruit/growing-melons-home-garden,https://www.extension.umd.edu/resource/when-plant-vegetables,https://extension.umn.edu/fruit/growing-melons-home-garden,https://seedracks.southernexposure.com/products.json?limit=250&page=1,6494665671,20720552583,2026-10-05,"Soil and water are crop-level guidance. Maturity and disease claims refer to the named cultivar. Regional tags are supplier guidance, not local trial verification. Price is a conditional wholesale unit quote.",https://seedracks.southernexposure.com/pages/pricing,2027 season wholesale Guaranteed Sale Tier 1 unit quote; season-opening order 150-399 total packets; not a one-packet retail offer,true,"crop-level university guidance, not a cultivar soil trial","crop-level university guidance, not a cultivar irrigation trial",https://extension.umn.edu/fruit/growing-melons-home-garden,https://seedracks.southernexposure.com/products/stone-mountain-watermelon,supplier product description,not explicitly established in sources reviewed,,https://seedracks.southernexposure.com/products/stone-mountain-watermelon,,"supplier cultivar claim; no claim means unknown, not susceptible",https://seedracks.southernexposure.com/products/stone-mountain-watermelon,"supplier tag or explicit adaptation statement, not a regional trial",crop season classification unless supplier cultivar claim is stated
55123 - Early Moonbeam,https://seedracks.southernexposure.com/products/early-moonbeam-watermelon-yellow-seed-packet,https://extension.umn.edu/fruit/growing-melons-home-garden,https://www.extension.umd.edu/resource/when-plant-vegetables,https://extension.umn.edu/fruit/growing-melons-home-garden,https://seedracks.southernexposure.com/products.json?limit=250&page=1,6493508039,20717797703,2026-10-05,"Soil and water are crop-level guidance. Maturity and disease claims refer to the named cultivar. Regional tags are supplier guidance, not local trial verification. Price is a conditional wholesale unit quote.",https://seedracks.southernexposure.com/pages/pricing,2027 season wholesale Guaranteed Sale Tier 1 unit quote; season-opening order 150-399 total packets; not a one-packet retail offer,true,"crop-level university guidance, not a cultivar soil trial","crop-level university guidance, not a cultivar irrigation trial",https://extension.umn.edu/fruit/growing-melons-home-garden,https://seedracks.southernexposure.com/products/early-moonbeam-watermelon-yellow-seed-packet,supplier product description,not explicitly established in sources reviewed,,https://seedracks.southernexposure.com/products/early-moonbeam-watermelon-yellow-seed-packet,,"supplier cultivar claim; no claim means unknown, not susceptible",https://seedracks.southernexposure.com/products/early-moonbeam-watermelon-yellow-seed-packet,"supplier tag or explicit adaptation statement, not a regional trial",crop season classification unless supplier cultivar claim is stated
53108 - Table Queen Bush,https://seedracks.southernexposure.com/products/table-queen-bush-acorn-squash-winter-seed-packet,https://extension.umn.edu/vegetables/pumpkins-and-winter-squash,https://www.extension.umd.edu/resource/when-plant-vegetables,https://extension.umn.edu/vegetables/pumpkins-and-winter-squash,https://seedracks.southernexposure.com/products.json?limit=250&page=1,6494144263,20719390791,2026-10-05,"Soil and water are crop-level guidance. Maturity and disease claims refer to the named cultivar. Regional tags are supplier guidance, not local trial verification. Price is a conditional wholesale unit quote.",https://seedracks.southernexposure.com/pages/pricing,2027 season wholesale Guaranteed Sale Tier 1 unit quote; season-opening order 150-399 total packets; not a one-packet retail offer,true,"crop-level university guidance, not a cultivar soil trial","crop-level university guidance, not a cultivar irrigation trial",https://extension.umn.edu/vegetables/pumpkins-and-winter-squash,https://seedracks.southernexposure.com/products/table-queen-bush-acorn-squash-winter-seed-packet,supplier product description,not explicitly established in sources reviewed,,https://seedracks.southernexposure.com/products/table-queen-bush-acorn-squash-winter-seed-packet,,"supplier cultivar claim; no claim means unknown, not susceptible",https://seedracks.southernexposure.com/products/table-queen-bush-acorn-squash-winter-seed-packet,"supplier tag or explicit adaptation statement, not a regional trial",crop season classification unless supplier cultivar claim is stated
53110 - Spaghetti Squash,https://seedracks.southernexposure.com/products/spaghetti-squash-vegetable-spaghetti-squash-winter-seed-packet,https://extension.umn.edu/vegetables/pumpkins-and-winter-squash,https://www.extension.umd.edu/resource/when-plant-vegetables,https://extension.umn.edu/vegetables/pumpkins-and-winter-squash,https://seedracks.southernexposure.com/products.json?limit=250&page=1,6494155655,20719408775,2026-10-05,"Soil and water are crop-level guidance. Maturity and disease claims refer to the named cultivar. Regional tags are supplier guidance, not local trial verification. Price is a conditional wholesale unit quote.",https://seedracks.southernexposure.com/pages/pricing,2027 season wholesale Guaranteed Sale Tier 1 unit quote; season-opening order 150-399 total packets; not a one-packet retail offer,true,"crop-level university guidance, not a cultivar soil trial","crop-level university guidance, not a cultivar irrigation trial",https://extension.umn.edu/vegetables/pumpkins-and-winter-squash,https://seedracks.southernexposure.com/products/spaghetti-squash-vegetable-spaghetti-squash-winter-seed-packet,supplier product description,not explicitly established in sources reviewed,,https://seedracks.southernexposure.com/products/spaghetti-squash-vegetable-spaghetti-squash-winter-seed-packet,,"supplier cultivar claim; no claim means unknown, not susceptible",https://seedracks.southernexposure.com/products/spaghetti-squash-vegetable-spaghetti-squash-winter-seed-packet,"supplier tag or explicit adaptation statement, not a regional trial",crop season classification unless supplier cultivar claim is stated
53111 - Thelma Sanders Sweet Potato,https://seedracks.southernexposure.com/products/thelma-sanders-sweet-potato-acorn-squash-winter-seed-packet,https://extension.umn.edu/vegetables/pumpkins-and-winter-squash,https://www.extension.umd.edu/resource/when-plant-vegetables,https://extension.umn.edu/vegetables/pumpkins-and-winter-squash,https://seedracks.southernexposure.com/products.json?limit=250&page=1,6494157575,20719412103,2026-10-05,"Soil and water are crop-level guidance. Maturity and disease claims refer to the named cultivar. Regional tags are supplier guidance, not local trial verification. Price is a conditional wholesale unit quote.",https://seedracks.southernexposure.com/pages/pricing,2027 season wholesale Guaranteed Sale Tier 1 unit quote; season-opening order 150-399 total packets; not a one-packet retail offer,true,"crop-level university guidance, not a cultivar soil trial","crop-level university guidance, not a cultivar irrigation trial",https://extension.umn.edu/vegetables/pumpkins-and-winter-squash,https://seedracks.southernexposure.com/products/thelma-sanders-sweet-potato-acorn-squash-winter-seed-packet,supplier product description,not explicitly established in sources reviewed,,https://seedracks.southernexposure.com/products/thelma-sanders-sweet-potato-acorn-squash-winter-seed-packet,,"supplier cultivar claim; no claim means unknown, not susceptible",https://seedracks.southernexposure.com/products/thelma-sanders-sweet-potato-acorn-squash-winter-seed-packet,"supplier tag or explicit adaptation statement, not a regional trial",crop season classification unless supplier cultivar claim is stated
53117 - Delicata Zeppelin,https://seedracks.southernexposure.com/products/delicata-zeppelin-squash-winter-seed-packet,https://extension.umn.edu/vegetables/pumpkins-and-winter-squash,https://www.extension.umd.edu/resource/when-plant-vegetables,https://extension.umn.edu/vegetables/pumpkins-and-winter-squash,https://seedracks.southernexposure.com/products.json?limit=250&page=1,6494159751,20719419911,2026-10-05,"Soil and water are crop-level guidance. Maturity and disease claims refer to the named cultivar. Regional tags are supplier guidance, not local trial verification. Price is a conditional wholesale unit quote.",https://seedracks.southernexposure.com/pages/pricing,2027 season wholesale Guaranteed Sale Tier 1 unit quote; season-opening order 150-399 total packets; not a one-packet retail offer,false,"crop-level university guidance, not a cultivar soil trial","crop-level university guidance, not a cultivar irrigation trial",https://extension.umn.edu/vegetables/pumpkins-and-winter-squash,https://seedracks.southernexposure.com/products/delicata-zeppelin-squash-winter-seed-packet,supplier product description,not explicitly established in sources reviewed,,https://seedracks.southernexposure.com/products/delicata-zeppelin-squash-winter-seed-packet,,"supplier cultivar claim; no claim means unknown, not susceptible",https://seedracks.southernexposure.com/products/delicata-zeppelin-squash-winter-seed-packet,"supplier tag or explicit adaptation statement, not a regional trial",crop season classification unless supplier cultivar claim is stated
"53301 - Buttercup, Burgess",https://seedracks.southernexposure.com/products/buttercup-burgess-squash-winter-seed-packet,https://extension.umn.edu/vegetables/pumpkins-and-winter-squash,https://www.extension.umd.edu/resource/when-plant-vegetables,https://extension.umn.edu/vegetables/pumpkins-and-winter-squash,https://seedracks.southernexposure.com/products.json?limit=250&page=1,6494160135,20719420615,2026-10-05,"Soil and water are crop-level guidance. Maturity and disease claims refer to the named cultivar. Regional tags are supplier guidance, not local trial verification. Price is a conditional wholesale unit quote.",https://seedracks.southernexposure.com/pages/pricing,2027 season wholesale Guaranteed Sale Tier 1 unit quote; season-opening order 150-399 total packets; not a one-packet retail offer,true,"crop-level university guidance, not a cultivar soil trial","crop-level university guidance, not a cultivar irrigation trial",https://extension.umn.edu/vegetables/pumpkins-and-winter-squash,https://seedracks.southernexposure.com/products/buttercup-burgess-squash-winter-seed-packet,supplier product description,not explicitly established in sources reviewed,,https://seedracks.southernexposure.com/products/buttercup-burgess-squash-winter-seed-packet,,"supplier cultivar claim; no claim means unknown, not susceptible",https://seedracks.southernexposure.com/products/buttercup-burgess-squash-winter-seed-packet,"supplier tag or explicit adaptation statement, not a regional trial",crop season classification unless supplier cultivar claim is stated
53304 - North Georgia Candy Roaster,https://seedracks.southernexposure.com/products/north-georgia-candy-roaster-squash-winter-seed-packet,https://extension.umn.edu/vegetables/pumpkins-and-winter-squash,https://www.extension.umd.edu/resource/when-plant-vegetables,https://extension.umn.edu/vegetables/pumpkins-and-winter-squash,https://seedracks.southernexposure.com/products.json?limit=250&page=1,6494548423,20720347719,2026-10-05,"Soil and water are crop-level guidance. Maturity and disease claims refer to the named cultivar. Regional tags are supplier guidance, not local trial verification. Price is a conditional wholesale unit quote.",https://seedracks.southernexposure.com/pages/pricing,2027 season wholesale Guaranteed Sale Tier 1 unit quote; season-opening order 150-399 total packets; not a one-packet retail offer,true,"crop-level university guidance, not a cultivar soil trial","crop-level university guidance, not a cultivar irrigation trial",https://extension.umn.edu/vegetables/pumpkins-and-winter-squash,https://seedracks.southernexposure.com/products/north-georgia-candy-roaster-squash-winter-seed-packet,supplier product description,not explicitly established in sources reviewed,,https://seedracks.southernexposure.com/products/north-georgia-candy-roaster-squash-winter-seed-packet,,"supplier cultivar claim; no claim means unknown, not susceptible",https://seedracks.southernexposure.com/products/north-georgia-candy-roaster-squash-winter-seed-packet,"supplier tag or explicit adaptation statement, not a regional trial",crop season classification unless supplier cultivar claim is stated
53501 - Green-Striped Cushaw,https://seedracks.southernexposure.com/products/green-striped-cushaw-striped-crookneck-squash-winter-seed-packet,https://extension.umn.edu/vegetables/pumpkins-and-winter-squash,https://www.extension.umd.edu/resource/when-plant-vegetables,https://extension.umn.edu/vegetables/pumpkins-and-winter-squash,https://seedracks.southernexposure.com/products.json?limit=250&page=1,6494160455,20719420999,2026-10-05,"Soil and water are crop-level guidance. Maturity and disease claims refer to the named cultivar. Regional tags are supplier guidance, not local trial verification. Price is a conditional wholesale unit quote.",https://seedracks.southernexposure.com/pages/pricing,2027 season wholesale Guaranteed Sale Tier 1 unit quote; season-opening order 150-399 total packets; not a one-packet retail offer,true,"crop-level university guidance, not a cultivar soil trial","crop-level university guidance, not a cultivar irrigation trial",https://extension.umn.edu/vegetables/pumpkins-and-winter-squash,https://seedracks.southernexposure.com/products/green-striped-cushaw-striped-crookneck-squash-winter-seed-packet,supplier product description,not explicitly established in sources reviewed,,https://seedracks.southernexposure.com/products/green-striped-cushaw-striped-crookneck-squash-winter-seed-packet,,"supplier cultivar claim; no claim means unknown, not susceptible",https://seedracks.southernexposure.com/products/green-striped-cushaw-striped-crookneck-squash-winter-seed-packet,"supplier tag or explicit adaptation statement, not a regional trial",crop season classification unless supplier cultivar claim is stated
53601 - Waltham Butternut,https://seedracks.southernexposure.com/products/waltham-butternut-squash-winter-seed-packet,https://extension.umn.edu/vegetables/pumpkins-and-winter-squash,https://www.extension.umd.edu/resource/when-plant-vegetables,https://extension.umn.edu/vegetables/pumpkins-and-winter-squash,https://seedracks.southernexposure.com/products.json?limit=250&page=1,6494161223,20719422279,2026-10-05,"Soil and water are crop-level guidance. Maturity and disease claims refer to the named cultivar. Regional tags are supplier guidance, not local trial verification. Price is a conditional wholesale unit quote.",https://seedracks.southernexposure.com/pages/pricing,2027 season wholesale Guaranteed Sale Tier 1 unit quote; season-opening order 150-399 total packets; not a one-packet retail offer,true,"crop-level university guidance, not a cultivar soil trial","crop-level university guidance, not a cultivar irrigation trial",https://extension.umn.edu/vegetables/pumpkins-and-winter-squash,https://seedracks.southernexposure.com/products/waltham-butternut-squash-winter-seed-packet,supplier product description,not explicitly established in sources reviewed,,https://seedracks.southernexposure.com/products/waltham-butternut-squash-winter-seed-packet,,"supplier cultivar claim; no claim means unknown, not susceptible",https://seedracks.southernexposure.com/products/waltham-butternut-squash-winter-seed-packet,"supplier tag or explicit adaptation statement, not a regional trial",crop season classification unless supplier cultivar claim is stated
53621 - South Anna Butternut Winter Squash,https://seedracks.southernexposure.com/products/53621-south-anna-butternut-winter-squash,https://extension.umn.edu/vegetables/pumpkins-and-winter-squash,https://www.extension.umd.edu/resource/when-plant-vegetables,https://extension.umn.edu/vegetables/pumpkins-and-winter-squash,https://seedracks.southernexposure.com/products.json?limit=250&page=1,4401381605443,31416872927299,2026-10-05,"Soil and water are crop-level guidance. Maturity and disease claims refer to the named cultivar. Regional tags are supplier guidance, not local trial verification. Price is a conditional wholesale unit quote.",https://seedracks.southernexposure.com/pages/pricing,2027 season wholesale Guaranteed Sale Tier 1 unit quote; season-opening order 150-399 total packets; not a one-packet retail offer,false,"crop-level university guidance, not a cultivar soil trial","crop-level university guidance, not a cultivar irrigation trial",https://extension.umn.edu/vegetables/pumpkins-and-winter-squash,https://seedracks.southernexposure.com/products/53621-south-anna-butternut-winter-squash,supplier product description,not explicitly established in sources reviewed,,https://seedracks.southernexposure.com/products/53621-south-anna-butternut-winter-squash,,"supplier cultivar claim; no claim means unknown, not susceptible",https://seedracks.southernexposure.com/products/53621-south-anna-butternut-winter-squash,"supplier tag or explicit adaptation statement, not a regional trial",crop season classification unless supplier cultivar claim is stated
