product_name,crop_type,suitable_season,soil_type,climate,water_requirement,maturity_period_days,disease_resistance,recommended_region,price_usd_per_packet,product_description
11105 - Liana,Asparagus bean,Warm season,Crop guidance: Sandy loam to clay; avoid waterlogged soil,Warm growing conditions,Crop guidance: Avoid waterlogging; weekly irrigation quantity not specified,52,Not specified,Northern and Southern USA (supplier description),2.65,"bean, asparagus seed; certified organic; price is a wholesale Guaranteed Sale Tier 1 unit quote requiring a season-opening order of 150-399 total packets, not a single-packet retail offer"
13103 - Contender (Buff Valentine),Bean,Warm season,Crop guidance: Well-drained clay or silt loam,Warm growing conditions,Crop guidance: About 25.4 mm/week; sandy soil needs more frequent watering,49,Common bean mosaic virus race 1 resistance; powdery mildew tolerance,Southern USA (supplier Southern Planting tag),2.65,"bean, snap (bush) seed; certified organic; price is a wholesale Guaranteed Sale Tier 1 unit quote requiring a season-opening order of 150-399 total packets, not a single-packet retail offer"
13104 - Blue Lake Bush (Blue Lake 274),Bean,Warm season,Crop guidance: Well-drained clay or silt loam,Warm growing conditions,Crop guidance: About 25.4 mm/week; sandy soil needs more frequent watering,55,Bean mosaic virus resistance,Southern USA (supplier Southern Planting tag),2.65,"bean, snap (bush) seed; certified organic; price is a wholesale Guaranteed Sale Tier 1 unit quote requiring a season-opening order of 150-399 total packets, not a single-packet retail offer"
13110 - Provider,Bean,Warm season,Crop guidance: Well-drained clay or silt loam,Warm growing conditions,Crop guidance: About 25.4 mm/week; sandy soil needs more frequent watering,48,Virus resistance; virus not identified,Southern USA (supplier Southern Planting tag),2.65,"bean, snap (bush) seed; certified organic; price is a wholesale Guaranteed Sale Tier 1 unit quote requiring a season-opening order of 150-399 total packets, not a single-packet retail offer"
13201 - Maxibel,Bean,Warm season,Crop guidance: Well-drained clay or silt loam,Warm growing conditions,Crop guidance: About 25.4 mm/week; sandy soil needs more frequent watering,55,Not specified,Southern USA (supplier Southern Planting tag),2.65,"bean, snap (bush), french filet seed; certified organic; price is a wholesale Guaranteed Sale Tier 1 unit quote requiring a season-opening order of 150-399 total packets, not a single-packet retail offer"
13302 - Gold Rush Yellow Wax,Bean,Warm season,Crop guidance: Well-drained clay or silt loam,Warm growing conditions,Crop guidance: About 25.4 mm/week; sandy soil needs more frequent watering,52,General disease resistance; diseases not identified,Southern USA (supplier Southern Planting tag),2.65,"bean, snap (bush) seed; certified organic; price is a wholesale Guaranteed Sale Tier 1 unit quote requiring a season-opening order of 150-399 total packets, not a single-packet retail offer"
13351 - Royalty Purple Pod,Bean,Warm season,Crop guidance: Well-drained clay or silt loam,Warm growing conditions,Crop guidance: About 25.4 mm/week; sandy soil needs more frequent watering,51,Not specified,Not specified,2.65,"bean, snap (bush) seed; certified organic; price is a wholesale Guaranteed Sale Tier 1 unit quote requiring a season-opening order of 150-399 total packets, not a single-packet retail offer"
13402 - Jacob's Cattle (Trout),Bean,Warm season,Crop guidance: Well-drained clay or silt loam,Warm growing conditions,Crop guidance: About 25.4 mm/week; sandy soil needs more frequent watering,86,Not specified,Southern USA (supplier Southern Planting tag),2.65,"bean, soup / baking (bush) seed; heirloom; certified organic; price is a wholesale Guaranteed Sale Tier 1 unit quote requiring a season-opening order of 150-399 total packets, not a single-packet retail offer"
13407 - Black Turtle,Bean,Warm season,Crop guidance: Well-drained clay or silt loam,Warm growing conditions,Crop guidance: About 25.4 mm/week; sandy soil needs more frequent watering,100,Not specified,Southern USA (supplier Southern Planting tag),2.65,"bean, soup (bush) seed; certified organic; Supplier reports drought tolerance; irrigation demand is not quantified for this cultivar; price is a wholesale Guaranteed Sale Tier 1 unit quote requiring a season-opening order of 150-399 total packets, not a single-packet retail offer"
13503 - Kentucky Wonder (Old Homestead),Bean,Warm season,Crop guidance: Well-drained clay or silt loam,Warm growing conditions,Crop guidance: About 25.4 mm/week; sandy soil needs more frequent watering,66,Bean rust resistance,Southern USA (supplier Southern Planting tag),2.65,"bean, snap (pole) seed; heirloom; certified organic; price is a wholesale Guaranteed Sale Tier 1 unit quote requiring a season-opening order of 150-399 total packets, not a single-packet retail offer"
31101 - Chioggia (Dolce Di Chioggia),Beet,Cool season,"Crop guidance: Fertile, deep, well-drained sandy soil; amend heavy soil with compost",Cool growing conditions,Crop guidance: Maintain even moisture; irrigate deeply during dry weather,52,Not specified,Southern USA (supplier Southern Planting tag),2.65,"beet, striped seed; heirloom; certified organic; price is a wholesale Guaranteed Sale Tier 1 unit quote requiring a season-opening order of 150-399 total packets, not a single-packet retail offer"
31103 - Detroit Dark Red,Beet,Cool season,"Crop guidance: Fertile, deep, well-drained sandy soil; amend heavy soil with compost",Cool growing conditions,Crop guidance: Maintain even moisture; irrigate deeply during dry weather,60,Downy mildew resistance,Southern USA (supplier Southern Planting tag),2.65,"beet seed; heirloom; certified organic; price is a wholesale Guaranteed Sale Tier 1 unit quote requiring a season-opening order of 150-399 total packets, not a single-packet retail offer"
31104 - Early Wonder Tall Top,Beet,Cool season,"Crop guidance: Fertile, deep, well-drained sandy soil; amend heavy soil with compost",Cool growing conditions,Crop guidance: Maintain even moisture; irrigate deeply during dry weather,50,Not specified,Not specified,2.65,"beet seed; heirloom; certified organic; price is a wholesale Guaranteed Sale Tier 1 unit quote requiring a season-opening order of 150-399 total packets, not a single-packet retail offer"
31105 - Lutz Green Leaf (Winter Keeper),Beet,Cool season,"Crop guidance: Fertile, deep, well-drained sandy soil; amend heavy soil with compost",Cool growing conditions,Crop guidance: Maintain even moisture; irrigate deeply during dry weather,76,Not specified,Southern USA (supplier Southern Planting tag),2.65,"beet seed; heirloom; certified organic; price is a wholesale Guaranteed Sale Tier 1 unit quote requiring a season-opening order of 150-399 total packets, not a single-packet retail offer"
31106 - Bull's Blood,Beet,Cool season,"Crop guidance: Fertile, deep, well-drained sandy soil; amend heavy soil with compost",Cool growing conditions,Crop guidance: Maintain even moisture; irrigate deeply during dry weather,35,Not specified,Not specified,2.65,"beet seed; heirloom; certified organic; price is a wholesale Guaranteed Sale Tier 1 unit quote requiring a season-opening order of 150-399 total packets, not a single-packet retail offer"
31107 - Cylindra,Beet,Cool season,"Crop guidance: Fertile, deep, well-drained sandy soil; amend heavy soil with compost",Cool growing conditions,Crop guidance: Maintain even moisture; irrigate deeply during dry weather,55,Not specified,Not specified,2.65,"beet seed; certified organic; price is a wholesale Guaranteed Sale Tier 1 unit quote requiring a season-opening order of 150-399 total packets, not a single-packet retail offer"
35101 - Chantenay Red Core,Carrot,Cool season,Supplier cultivar guidance: Adaptable to clay and other soil types,Cool growing conditions,Crop guidance: About 25.4 mm/week; water deeply,65,Not specified,Southern USA (supplier Southern Planting tag),2.65,"carrot seed; heirloom; certified organic; price is a wholesale Guaranteed Sale Tier 1 unit quote requiring a season-opening order of 150-399 total packets, not a single-packet retail offer"
35103 - Danvers 126,Carrot,Cool season,Supplier cultivar guidance: Particularly suited to clay soil,Cool growing conditions; supplier cultivar claim: Heat-tolerant,Crop guidance: About 25.4 mm/week; water deeply,75,Not specified,Southern USA (supplier Southern Planting tag),2.65,"carrot seed; certified organic; price is a wholesale Guaranteed Sale Tier 1 unit quote requiring a season-opening order of 150-399 total packets, not a single-packet retail offer"
35106 - Scarlet Nantes,Carrot,Cool season,"Crop guidance: Sandy loam; drained, uncompacted clay also suitable",Cool growing conditions,Crop guidance: About 25.4 mm/week; water deeply,70,Not specified,Southern USA (supplier Southern Planting tag),2.65,"carrot seed; certified organic; price is a wholesale Guaranteed Sale Tier 1 unit quote requiring a season-opening order of 150-399 total packets, not a single-packet retail offer"
35108 - Imperator (Tendersweet),Carrot,Cool season,"Supplier cultivar guidance: Requires loose, deep soil",Cool growing conditions,Crop guidance: About 25.4 mm/week; water deeply,74,Not specified,Not specified,2.65,"carrot seed; certified organic; price is a wholesale Guaranteed Sale Tier 1 unit quote requiring a season-opening order of 150-399 total packets, not a single-packet retail offer"
35109 - Purple Dragon,Carrot,Cool season,"Crop guidance: Sandy loam; drained, uncompacted clay also suitable",Cool growing conditions,Crop guidance: About 25.4 mm/week; water deeply,80,Not specified,Southern USA (supplier Southern Planting tag),2.65,"carrot, purple seed; certified organic; price is a wholesale Guaranteed Sale Tier 1 unit quote requiring a season-opening order of 150-399 total packets, not a single-packet retail offer"
35113 - Cosmic Purple,Carrot,Cool season,"Crop guidance: Sandy loam; drained, uncompacted clay also suitable",Cool growing conditions,Crop guidance: About 25.4 mm/week; water deeply,70,Not specified,Southern USA (supplier Southern Planting tag),2.65,"carrot, purple seed; certified organic; maturity backfilled from an older supplier publication, not stated in the current feed; price is a wholesale Guaranteed Sale Tier 1 unit quote requiring a season-opening order of 150-399 total packets, not a single-packet retail offer"
35115 - Fantasia,Carrot,Cool season,"Crop guidance: Sandy loam; drained, uncompacted clay also suitable",Cool growing conditions,Crop guidance: About 25.4 mm/week; water deeply,60-90,Not specified,Not specified,2.65,"carrot seed; certified organic; price is a wholesale Guaranteed Sale Tier 1 unit quote requiring a season-opening order of 150-399 total packets, not a single-packet retail offer; supplier variant was unavailable on 2026-10-05"
51101 - Ashley,Cucumber,Warm season,"Crop guidance: Moisture-retaining, well-drained soil","Warm growing conditions; supplier cultivar claim: Suited to hot, humid growing conditions",Crop guidance: About 25.4 mm/week; monitor moisture,58,"Supplier lists resistance/tolerance to: Angular leaf spot, Downy mildew, Powdery mildew",Southeastern USA (supplier description),2.65,"cucumber seed; certified organic; price is a wholesale Guaranteed Sale Tier 1 unit quote requiring a season-opening order of 150-399 total packets, not a single-packet retail offer"
51103 - Poinsett 76,Cucumber,Warm season,"Crop guidance: Moisture-retaining, well-drained soil",Warm growing conditions,Crop guidance: About 25.4 mm/week; monitor moisture,56,"Supplier lists resistance/tolerance to: Angular leaf spot, Anthracnose, Downy mildew, Powdery mildew",Southeastern USA and Mid-Atlantic coastal areas (supplier description),2.65,"cucumber seed; certified organic; Supplier separately lists pest tolerance/resistance: spider mites; price is a wholesale Guaranteed Sale Tier 1 unit quote requiring a season-opening order of 150-399 total packets, not a single-packet retail offer"
51104 - Spacemaster,Cucumber,Warm season,"Crop guidance: Moisture-retaining, well-drained soil",Warm growing conditions,Crop guidance: About 25.4 mm/week; monitor moisture,60,"Supplier lists resistance/tolerance to: Cucumber mosaic virus, Cucumber scab",Southern USA (supplier Southern Planting tag),2.65,"cucumber seed; certified organic; price is a wholesale Guaranteed Sale Tier 1 unit quote requiring a season-opening order of 150-399 total packets, not a single-packet retail offer"
51107 - Straight Eight,Cucumber,Warm season,"Crop guidance: Moisture-retaining, well-drained soil",Warm growing conditions,Crop guidance: About 25.4 mm/week; monitor moisture,57,"Supplier lists resistance/tolerance to: Angular leaf spot, Anthracnose, Powdery mildew",Southern USA (supplier Southern Planting tag),2.65,"cucumber seed; certified organic; Supplier separately lists pest tolerance/resistance: spider mites; price is a wholesale Guaranteed Sale Tier 1 unit quote requiring a season-opening order of 150-399 total packets, not a single-packet retail offer"
51108 - Marketmore 76,Cucumber,Warm season,"Crop guidance: Moisture-retaining, well-drained soil",Warm growing conditions,Crop guidance: About 25.4 mm/week; monitor moisture,57,"Supplier lists resistance/tolerance to: Cucumber mosaic virus, Powdery mildew, Downy mildew, Angular leaf spot, Anthracnose",Mid-Atlantic and Northern USA (supplier description),2.65,"cucumber seed; certified organic; price is a wholesale Guaranteed Sale Tier 1 unit quote requiring a season-opening order of 150-399 total packets, not a single-packet retail offer"
51502 - Edmonson,Cucumber,Warm season,"Crop guidance: Moisture-retaining, well-drained soil",Warm growing conditions,Crop guidance: About 25.4 mm/week; monitor moisture,70,"Supplier lists resistance/tolerance to: Angular leaf spot, Anthracnose, Cucumber mosaic virus, Cucumber scab",Southern USA (supplier Southern Planting tag),2.65,"cucumber, pickling seed; heirloom; certified organic; Supplier reports drought resistance; irrigation demand is not quantified for this cultivar; price is a wholesale Guaranteed Sale Tier 1 unit quote requiring a season-opening order of 150-399 total packets, not a single-packet retail offer"
51503 - Arkansas Little Leaf H-19,Cucumber,Warm season,"Crop guidance: Moisture-retaining, well-drained soil",Warm growing conditions,Crop guidance: About 25.4 mm/week; monitor moisture,59,"Supplier lists resistance/tolerance to: Angular leaf spot, Anthracnose, Bacterial wilt, Cucumber mosaic virus, Powdery mildew, Cucumber scab; supplier warns downy mildew resistance may have been lost and varies by year and pathogen strain",Southern USA (supplier Southern Planting tag),2.65,"cucumber, pickling seed; certified organic; price is a wholesale Guaranteed Sale Tier 1 unit quote requiring a season-opening order of 150-399 total packets, not a single-packet retail offer"
51504 - Homemade Pickles,Cucumber,Warm season,"Crop guidance: Moisture-retaining, well-drained soil",Warm growing conditions,Crop guidance: About 25.4 mm/week; monitor moisture,55,Downy mildew resistance,Southern USA (supplier Southern Planting tag),2.65,"cucumber, pickling seed; certified organic; price is a wholesale Guaranteed Sale Tier 1 unit quote requiring a season-opening order of 150-399 total packets, not a single-packet retail offer"
51505 - Lemon,Cucumber,Warm season,"Crop guidance: Moisture-retaining, well-drained soil",Warm growing conditions,Crop guidance: About 25.4 mm/week; monitor moisture,67,Supplier lists resistance/tolerance to: Anthracnose,Southern USA (supplier Southern Planting tag),2.65,"cucumber seed; heirloom; certified organic; Supplier separately lists pest tolerance/resistance: cucumber beetles; price is a wholesale Guaranteed Sale Tier 1 unit quote requiring a season-opening order of 150-399 total packets, not a single-packet retail offer"
51701 - Suyo Long,Cucumber,Warm season,"Crop guidance: Moisture-retaining, well-drained soil",Warm growing conditions; supplier cultivar claim: Tolerates hot weather,Crop guidance: About 25.4 mm/week; monitor moisture,61,Supplier lists resistance/tolerance to: Powdery mildew,Southeastern USA (supplier description),2.65,"cucumber, asian seed; certified organic; price is a wholesale Guaranteed Sale Tier 1 unit quote requiring a season-opening order of 150-399 total packets, not a single-packet retail offer"
45101 - Black Beauty,Eggplant,Warm season,Crop guidance: Compost-amended soil,Warm growing conditions,Crop guidance: About 25.4 mm/week; maintain even moisture,74,Not specified,Mid-Atlantic and Southern USA (supplier description),2.65,"eggplant seed; heirloom; certified organic; supplier crop guidance counts maturity after transplanting; price is a wholesale Guaranteed Sale Tier 1 unit quote requiring a season-opening order of 150-399 total packets, not a single-packet retail offer"
45103 - Long Purple,Eggplant,Warm season,Crop guidance: Compost-amended soil,Warm growing conditions,Crop guidance: About 25.4 mm/week; maintain even moisture,75,Not specified,Southern USA (supplier Southern Planting tag),2.65,"eggplant seed; certified organic; supplier crop guidance counts maturity after transplanting; price is a wholesale Guaranteed Sale Tier 1 unit quote requiring a season-opening order of 150-399 total packets, not a single-packet retail offer"
45104 - Ping Tung Long,Eggplant,Warm season,Crop guidance: Compost-amended soil,Warm growing conditions,Crop guidance: About 25.4 mm/week; maintain even moisture,62,General disease resistance; diseases not identified,Southern USA (supplier Southern Planting tag),2.65,"eggplant seed; certified organic; supplier crop guidance counts maturity after transplanting; price is a wholesale Guaranteed Sale Tier 1 unit quote requiring a season-opening order of 150-399 total packets, not a single-packet retail offer"
45203 - Rosita,Eggplant,Warm season,Crop guidance: Compost-amended soil,Warm growing conditions,Crop guidance: About 25.4 mm/week; maintain even moisture,70-80,Not specified,Southern USA (supplier Southern Planting tag),2.65,"eggplant seed; heirloom; certified organic; supplier crop guidance counts maturity after transplanting; price is a wholesale Guaranteed Sale Tier 1 unit quote requiring a season-opening order of 150-399 total packets, not a single-packet retail offer"
45301 - Louisiana Long Green (Green Banana),Eggplant,Warm season,Crop guidance: Compost-amended soil,Warm growing conditions,Crop guidance: About 25.4 mm/week; maintain even moisture,75,Not specified,Southern USA (supplier Southern Planting tag),2.65,"eggplant seed; certified organic; supplier crop guidance counts maturity after transplanting; price is a wholesale Guaranteed Sale Tier 1 unit quote requiring a season-opening order of 150-399 total packets, not a single-packet retail offer"
45401 - Listada De Gandia,Eggplant,Warm season,Crop guidance: Compost-amended soil,Warm growing conditions; supplier cultivar claim: Established plants tolerate drought and set fruit in high heat; performance is poorer in cold summers,Crop guidance: About 25.4 mm/week; maintain even moisture,75,Not specified,Southern USA (supplier Southern Planting tag),2.65,"eggplant seed; heirloom; certified organic; Supplier reports drought tolerance in mature plants; irrigation demand is not quantified for this cultivar; supplier crop guidance counts maturity after transplanting; price is a wholesale Guaranteed Sale Tier 1 unit quote requiring a season-opening order of 150-399 total packets, not a single-packet retail offer"
45402 - Rosa Bianca,Eggplant,Warm season,Crop guidance: Compost-amended soil,Warm growing conditions,Crop guidance: About 25.4 mm/week; maintain even moisture,83,Not specified,Southern USA (supplier Southern Planting tag),2.65,"eggplant seed; heirloom; certified organic; supplier crop guidance counts maturity after transplanting; price is a wholesale Guaranteed Sale Tier 1 unit quote requiring a season-opening order of 150-399 total packets, not a single-packet retail offer"
11201 - Broad Windsor,Fava bean,Cool season,Crop guidance: Well-drained silt loam or sandy soil,Cool growing conditions,Crop guidance: Poor drought tolerance; weekly irrigation quantity not specified,85,Not specified,Southern USA (supplier Southern Planting tag),2.65,"bean, fava seed; heirloom; certified organic; price is a wholesale Guaranteed Sale Tier 1 unit quote requiring a season-opening order of 150-399 total packets, not a single-packet retail offer"
25101 - Vates,Kale,Cool season,Crop guidance: Compost-amended soil,Cool growing conditions; supplier cultivar claim: Leaf yellowing tolerance under frost or heat; overwintering reported in the Mid-Atlantic,Crop guidance: Regular watering; numeric amount not specified,55,Not specified,Mid-Atlantic overwintering (supplier description),2.65,"kale seed; certified organic; price is a wholesale Guaranteed Sale Tier 1 unit quote requiring a season-opening order of 150-399 total packets, not a single-packet retail offer"
25102 - Red Russian,Kale,Cool season,Crop guidance: Compost-amended soil,Cool growing conditions; supplier cultivar claim: Cold hardiness is lower than that of many other kales,Crop guidance: Regular watering; numeric amount not specified,40,Not specified,Southern USA (supplier Southern Planting tag),2.65,"kale seed; certified organic; price is a wholesale Guaranteed Sale Tier 1 unit quote requiring a season-opening order of 150-399 total packets, not a single-packet retail offer"
25106 - Lacinato (Dinosaur),Kale,Cool season,Crop guidance: Compost-amended soil,Cool growing conditions,Crop guidance: Regular watering; numeric amount not specified,60,Not specified,Southern USA (supplier Southern Planting tag),2.65,"kale seed; heirloom; certified organic; price is a wholesale Guaranteed Sale Tier 1 unit quote requiring a season-opening order of 150-399 total packets, not a single-packet retail offer"
25109 - Lacinato Rainbow Mix,Kale,Cool season,Crop guidance: Compost-amended soil,Cool growing conditions; supplier cultivar claim: Cold hardiness selected through survival of a severe freeze,Crop guidance: Regular watering; numeric amount not specified,,Not specified,Southern USA (supplier Southern Planting tag),2.65,"kale seed; certified organic; price is a wholesale Guaranteed Sale Tier 1 unit quote requiring a season-opening order of 150-399 total packets, not a single-packet retail offer; supplier variant was unavailable on 2026-10-05"
62102 - Black-Seeded Simpson,Lettuce,Cool season,"Crop guidance: Moisture-retaining, well-drained soil",Cool growing conditions; supplier cultivar claim: Quality declines in hot weather,Crop guidance: About 25.4 mm/week; sandy soil needs more frequent watering,49,Not specified,Not specified,2.65,"lettuce, looseleaf seed; heirloom; certified organic; supplier crop guidance counts maturity from direct seeding; price is a wholesale Guaranteed Sale Tier 1 unit quote requiring a season-opening order of 150-399 total packets, not a single-packet retail offer"
62103 - Deer Tongue (Matchless),Lettuce,Cool season,"Crop guidance: Moisture-retaining, well-drained soil",Cool growing conditions,Crop guidance: About 25.4 mm/week; sandy soil needs more frequent watering,54,Not specified,Southern USA (supplier Southern Planting tag),2.65,"lettuce, looseleaf seed; certified organic; supplier crop guidance counts maturity from direct seeding; price is a wholesale Guaranteed Sale Tier 1 unit quote requiring a season-opening order of 150-399 total packets, not a single-packet retail offer"
62107 - Red Sails,Lettuce,Cool season,"Crop guidance: Moisture-retaining, well-drained soil",Cool growing conditions,Crop guidance: About 25.4 mm/week; sandy soil needs more frequent watering,45,Not specified,Not specified,2.65,"lettuce, looseleaf seed; certified organic; supplier crop guidance counts maturity from direct seeding; price is a wholesale Guaranteed Sale Tier 1 unit quote requiring a season-opening order of 150-399 total packets, not a single-packet retail offer"
62110 - Thai Oakleaf (Thai 88),Lettuce,Cool season,"Crop guidance: Moisture-retaining, well-drained soil",Cool growing conditions; supplier cultivar claim: Selected for lettuce quality in high heat,Crop guidance: About 25.4 mm/week; sandy soil needs more frequent watering,39,Not specified,Southern USA (supplier Southern Planting tag),2.65,"lettuce, looseleaf seed; certified organic; supplier crop guidance counts maturity from direct seeding; price is a wholesale Guaranteed Sale Tier 1 unit quote requiring a season-opening order of 150-399 total packets, not a single-packet retail offer"
62112 - Sweet Valentine,Lettuce,Cool season,"Crop guidance: Moisture-retaining, well-drained soil",Cool growing conditions; supplier cultivar claim: Holds without bolting into hotter weather,Crop guidance: About 25.4 mm/week; sandy soil needs more frequent watering,55,Not specified,Southern USA (supplier Southern Planting tag),2.65,"lettuce, romaine seed; certified organic; supplier crop guidance counts maturity from direct seeding; price is a wholesale Guaranteed Sale Tier 1 unit quote requiring a season-opening order of 150-399 total packets, not a single-packet retail offer"
62301 - Red Salad Bowl,Lettuce,Cool season,"Crop guidance: Moisture-retaining, well-drained soil",Cool growing conditions,Crop guidance: About 25.4 mm/week; sandy soil needs more frequent watering,55,Not specified,Southern USA (supplier Southern Planting tag),2.65,"lettuce, looseleaf seed; certified organic; supplier crop guidance counts maturity from direct seeding; price is a wholesale Guaranteed Sale Tier 1 unit quote requiring a season-opening order of 150-399 total packets, not a single-packet retail offer"
62302 - Buttercrunch Bibb (Butterhead),Lettuce,Cool season,"Crop guidance: Moisture-retaining, well-drained soil",Cool growing conditions; supplier cultivar claim: Tolerates heat and growing stress,Crop guidance: About 25.4 mm/week; sandy soil needs more frequent watering,55,Not specified,Southern USA (supplier Southern Planting tag),2.65,"lettuce, bibb (butterhead) seed; certified organic; supplier crop guidance counts maturity from direct seeding; price is a wholesale Guaranteed Sale Tier 1 unit quote requiring a season-opening order of 150-399 total packets, not a single-packet retail offer"
62303 - Capitan,Lettuce,Cool season,"Crop guidance: Moisture-retaining, well-drained soil",Cool growing conditions; supplier cultivar claim: Heat and cold tolerance,Crop guidance: About 25.4 mm/week; sandy soil needs more frequent watering,62,Lettuce mosaic virus resistance,Southern USA (supplier Southern Planting tag),2.65,"lettuce, bibb (butterhead) seed; certified organic; supplier crop guidance counts maturity from direct seeding; price is a wholesale Guaranteed Sale Tier 1 unit quote requiring a season-opening order of 150-399 total packets, not a single-packet retail offer"
62305 - Schweitzer's Mescher Bibb,Lettuce,Cool season,"Crop guidance: Moisture-retaining, well-drained soil",Cool growing conditions,Crop guidance: About 25.4 mm/week; sandy soil needs more frequent watering,50,Not specified,Not specified,2.65,"lettuce, bibb (butterhead) seed; heirloom; certified organic; supplier crop guidance counts maturity from direct seeding; price is a wholesale Guaranteed Sale Tier 1 unit quote requiring a season-opening order of 150-399 total packets, not a single-packet retail offer; supplier variant was unavailable on 2026-10-05"
62307 - Tom Thumb,Lettuce,Cool season,"Crop guidance: Moisture-retaining, well-drained soil",Cool growing conditions,Crop guidance: About 25.4 mm/week; sandy soil needs more frequent watering,48,Not specified,Not specified,2.65,"lettuce, bibb (butterhead) seed; heirloom; certified organic; supplier crop guidance counts maturity from direct seeding; price is a wholesale Guaranteed Sale Tier 1 unit quote requiring a season-opening order of 150-399 total packets, not a single-packet retail offer"
62308 - Yugoslavian Red Butterhead,Lettuce,Cool season,"Crop guidance: Moisture-retaining, well-drained soil",Cool growing conditions,Crop guidance: About 25.4 mm/week; sandy soil needs more frequent watering,58,Not specified,Southern USA (supplier Southern Planting tag),2.65,"lettuce, bibb (butterhead) seed; heirloom; certified organic; supplier crop guidance counts maturity from direct seeding; price is a wholesale Guaranteed Sale Tier 1 unit quote requiring a season-opening order of 150-399 total packets, not a single-packet retail offer"
62309 - Speckled Bibb,Lettuce,Cool season,"Crop guidance: Moisture-retaining, well-drained soil",Cool growing conditions; supplier cultivar claim: Retains quality in heat and grows in cool weather,Crop guidance: About 25.4 mm/week; sandy soil needs more frequent watering,43,Not specified,Southern USA (supplier Southern Planting tag),2.65,"lettuce, bibb (butterhead) seed; heirloom; certified organic; supplier crop guidance counts maturity from direct seeding; price is a wholesale Guaranteed Sale Tier 1 unit quote requiring a season-opening order of 150-399 total packets, not a single-packet retail offer"
62502 - Salad Bowl,Lettuce,Cool season,"Crop guidance: Moisture-retaining, well-drained soil",Cool growing conditions; supplier cultivar claim: Heat tolerance,Crop guidance: About 25.4 mm/week; sandy soil needs more frequent watering,40,Not specified,Not specified,2.65,"lettuce, looseleaf seed; certified organic; supplier crop guidance counts maturity from direct seeding; price is a wholesale Guaranteed Sale Tier 1 unit quote requiring a season-opening order of 150-399 total packets, not a single-packet retail offer"
62503 - Sierra,Lettuce,Cool season,"Crop guidance: Moisture-retaining, well-drained soil",Cool growing conditions; supplier cultivar claim: Retains quality in high heat,Crop guidance: About 25.4 mm/week; sandy soil needs more frequent watering,54,Bottom rot resistance,Southern USA (supplier Southern Planting tag),2.65,"lettuce, batavian/crisphead seed; certified organic; supplier crop guidance counts maturity from direct seeding; price is a wholesale Guaranteed Sale Tier 1 unit quote requiring a season-opening order of 150-399 total packets, not a single-packet retail offer"
62505 - Tennis Ball,Lettuce,Cool season,"Crop guidance: Moisture-retaining, well-drained soil",Cool growing conditions,Crop guidance: About 25.4 mm/week; sandy soil needs more frequent watering,55,Not specified,Not specified,2.65,"lettuce, batavian/crisphead seed; heirloom; certified organic; supplier crop guidance counts maturity from direct seeding; price is a wholesale Guaranteed Sale Tier 1 unit quote requiring a season-opening order of 150-399 total packets, not a single-packet retail offer"
62506 - Anuenue,Lettuce,Cool season,"Crop guidance: Moisture-retaining, well-drained soil",Cool growing conditions; supplier cultivar claim: Heat tolerance and slow bolting,Crop guidance: About 25.4 mm/week; sandy soil needs more frequent watering,50,Not specified,Southern USA (supplier Southern Planting tag),2.65,"lettuce, batavian/crisphead seed; certified organic; supplier crop guidance counts maturity from direct seeding; price is a wholesale Guaranteed Sale Tier 1 unit quote requiring a season-opening order of 150-399 total packets, not a single-packet retail offer"
62701 - Cosmo,Lettuce,Cool season,"Crop guidance: Moisture-retaining, well-drained soil",Cool growing conditions,Crop guidance: About 25.4 mm/week; sandy soil needs more frequent watering,55,Not specified,Southern USA (supplier Southern Planting tag),2.65,"lettuce, romaine seed; certified organic; supplier crop guidance counts maturity from direct seeding; price is a wholesale Guaranteed Sale Tier 1 unit quote requiring a season-opening order of 150-399 total packets, not a single-packet retail offer"
62702 - Parris Island Cos,Lettuce,Cool season,"Crop guidance: Moisture-retaining, well-drained soil",Cool growing conditions,Crop guidance: About 25.4 mm/week; sandy soil needs more frequent watering,68,Mosaic tolerance; virus not identified,Southern USA (supplier Southern Planting tag),2.65,"lettuce, romaine seed; certified organic; supplier crop guidance counts maturity from direct seeding; price is a wholesale Guaranteed Sale Tier 1 unit quote requiring a season-opening order of 150-399 total packets, not a single-packet retail offer"
62706 - Jericho,Lettuce,Cool season,"Crop guidance: Moisture-retaining, well-drained soil",Cool growing conditions; supplier cultivar claim: Supplier reports good performance in hot summers,Crop guidance: About 25.4 mm/week; sandy soil needs more frequent watering,60,Not specified,Southern USA (supplier Southern Planting tag),2.65,"lettuce, romaine seed; certified organic; supplier crop guidance counts maturity from direct seeding; price is a wholesale Guaranteed Sale Tier 1 unit quote requiring a season-opening order of 150-399 total packets, not a single-packet retail offer"
62707 - Rouge d'Hiver (Red Winter),Lettuce,Cool season,"Crop guidance: Moisture-retaining, well-drained soil",Cool growing conditions,Crop guidance: About 25.4 mm/week; sandy soil needs more frequent watering,62,Not specified,Southern USA (supplier Southern Planting tag),2.65,"lettuce, romaine seed; heirloom; certified organic; supplier crop guidance counts maturity from direct seeding; price is a wholesale Guaranteed Sale Tier 1 unit quote requiring a season-opening order of 150-399 total packets, not a single-packet retail offer"
62710 - Crawford Bibb (Butterhead),Lettuce,Cool season,"Crop guidance: Moisture-retaining, well-drained soil",Cool growing conditions; supplier cultivar claim: Supplier reports summer heat and winter cold tolerance,Crop guidance: About 25.4 mm/week; sandy soil needs more frequent watering,57,Not specified,Southern USA (supplier Southern Planting tag),2.65,"lettuce, bibb (butterhead) seed; heirloom; certified organic; supplier crop guidance counts maturity from direct seeding; price is a wholesale Guaranteed Sale Tier 1 unit quote requiring a season-opening order of 150-399 total packets, not a single-packet retail offer"
62711 - Mayan Jaguar,Lettuce,Cool season,"Crop guidance: Moisture-retaining, well-drained soil",Cool growing conditions,Crop guidance: About 25.4 mm/week; sandy soil needs more frequent watering,61,Not specified,Not specified,2.65,"lettuce, romaine seed; heirloom; certified organic; supplier crop guidance counts maturity from direct seeding; price is a wholesale Guaranteed Sale Tier 1 unit quote requiring a season-opening order of 150-399 total packets, not a single-packet retail offer"
62801 - Drunken Woman,Lettuce,Cool season,"Crop guidance: Moisture-retaining, well-drained soil",Cool growing conditions,Crop guidance: About 25.4 mm/week; sandy soil needs more frequent watering,55,Not specified,Not specified,2.65,"lettuce, looseleaf seed; certified organic; supplier crop guidance counts maturity from direct seeding; price is a wholesale Guaranteed Sale Tier 1 unit quote requiring a season-opening order of 150-399 total packets, not a single-packet retail offer"
62802 - Winter Density,Lettuce,Cool season,"Crop guidance: Moisture-retaining, well-drained soil",Cool growing conditions; supplier cultivar claim: Cold tolerance,Crop guidance: About 25.4 mm/week; sandy soil needs more frequent watering,58,Not specified,Southern USA (supplier Southern Planting tag),2.65,"lettuce, buttercos seed; certified organic; supplier crop guidance counts maturity from direct seeding; price is a wholesale Guaranteed Sale Tier 1 unit quote requiring a season-opening order of 150-399 total packets, not a single-packet retail offer"
62803 - Bronze Arrow,Lettuce,Cool season,"Crop guidance: Moisture-retaining, well-drained soil",Cool growing conditions,Crop guidance: About 25.4 mm/week; sandy soil needs more frequent watering,60,Not specified,Not specified,2.65,"lettuce, looseleaf seed; heirloom; certified organic; supplier crop guidance counts maturity from direct seeding; price is a wholesale Guaranteed Sale Tier 1 unit quote requiring a season-opening order of 150-399 total packets, not a single-packet retail offer"
62951 - Wild Garden Lettuce Mix,Lettuce,Cool season,"Crop guidance: Moisture-retaining, well-drained soil",Cool growing conditions,Crop guidance: About 25.4 mm/week; sandy soil needs more frequent watering,,Not specified,Southern USA (supplier Southern Planting tag),2.65,"lettuce, mix seed; certified organic; supplier crop guidance counts maturity from direct seeding; price is a wholesale Guaranteed Sale Tier 1 unit quote requiring a season-opening order of 150-399 total packets, not a single-packet retail offer"
14101 - Jackson Wonder Butterbean,Lima bean,Warm season,"Crop guidance: Coarse, sandy soil","Warm growing conditions; supplier cultivar claim: Supplier reports yields under hot, dry conditions",Crop guidance: About 25.4 mm/week; sandy soil needs more frequent watering,66,Not specified,Northern USA also reported suitable; Southern Planting tag retained,2.65,"bean, lima (bush) seed; heirloom; price is a wholesale Guaranteed Sale Tier 1 unit quote requiring a season-opening order of 150-399 total packets, not a single-packet retail offer"
14104 - Henderson Bush,Lima bean,Warm season,"Crop guidance: Coarse, sandy soil",Warm growing conditions,Crop guidance: About 25.4 mm/week; sandy soil needs more frequent watering,61,Not specified,Southern USA (supplier Southern Planting tag),2.65,"bean, lima (bush) seed; heirloom; certified organic; price is a wholesale Guaranteed Sale Tier 1 unit quote requiring a season-opening order of 150-399 total packets, not a single-packet retail offer"
14301 - Violet's Multicolored Butterbeans,Lima bean,Warm season,"Crop guidance: Coarse, sandy soil",Warm growing conditions,Crop guidance: About 25.4 mm/week; sandy soil needs more frequent watering,80-90,General disease resistance; diseases not identified,Southern USA (supplier Southern Planting tag),2.65,"bean, lima (pole) seed; heirloom; certified organic; Supplier reports drought resistance; irrigation demand is not quantified for this cultivar; price is a wholesale Guaranteed Sale Tier 1 unit quote requiring a season-opening order of 150-399 total packets, not a single-packet retail offer"
52101 - Delicious 51,Muskmelon,Warm season,Crop guidance: Well-drained sandy loam,Warm growing conditions,Crop guidance: 25.4-50.8 mm/week; reduce watering as fruit ripens,77,Fusarium wilt race 1 tolerance,Southern USA (supplier Southern Planting tag),2.65,"muskmelon seed; certified organic; price is a wholesale Guaranteed Sale Tier 1 unit quote requiring a season-opening order of 150-399 total packets, not a single-packet retail offer"
52102 - Edisto 47,Muskmelon,Warm season,Crop guidance: Well-drained sandy loam,"Warm growing conditions; supplier cultivar claim: Adapted to hot, humid conditions",Crop guidance: 25.4-50.8 mm/week; reduce watering as fruit ripens,88,"Alternaria leaf spot, powdery mildew and downy mildew resistance","Mid-Atlantic and hot, humid growing areas (supplier description)",2.65,"muskmelon seed; certified organic; price is a wholesale Guaranteed Sale Tier 1 unit quote requiring a season-opening order of 150-399 total packets, not a single-packet retail offer"
52104 - Hales Best,Muskmelon,Warm season,Crop guidance: Well-drained sandy loam,Warm growing conditions,Crop guidance: 25.4-50.8 mm/week; reduce watering as fruit ripens,86,Powdery mildew resistance,Southern USA (supplier Southern Planting tag),2.65,"muskmelon seed; heirloom; certified organic; Supplier reports drought resistance; irrigation demand is not quantified for this cultivar; price is a wholesale Guaranteed Sale Tier 1 unit quote requiring a season-opening order of 150-399 total packets, not a single-packet retail offer"
52106 - Kansas,Muskmelon,Warm season,Crop guidance: Well-drained sandy loam,Warm growing conditions,Crop guidance: 25.4-50.8 mm/week; reduce watering as fruit ripens,90,Not specified,Southern USA (supplier Southern Planting tag),2.65,"muskmelon seed; heirloom; certified organic; price is a wholesale Guaranteed Sale Tier 1 unit quote requiring a season-opening order of 150-399 total packets, not a single-packet retail offer"
52109 - Eden Gem (Rocky Ford),Muskmelon,Warm season,Crop guidance: Well-drained sandy loam,Warm growing conditions,Crop guidance: 25.4-50.8 mm/week; reduce watering as fruit ripens,89,Rust resistance,Southern USA (supplier Southern Planting tag),2.65,"muskmelon seed; heirloom; certified organic; price is a wholesale Guaranteed Sale Tier 1 unit quote requiring a season-opening order of 150-399 total packets, not a single-packet retail offer"
52113 - Ice Cream (Green Machine),Muskmelon,Warm season,Crop guidance: Well-drained sandy loam,Warm growing conditions,Crop guidance: 25.4-50.8 mm/week; reduce watering as fruit ripens,79,Not specified,Southern USA (supplier Southern Planting tag),2.65,"muskmelon seed; certified organic; price is a wholesale Guaranteed Sale Tier 1 unit quote requiring a season-opening order of 150-399 total packets, not a single-packet retail offer"
15204 - Green Arrow,Pea,Cool season,Crop guidance: Well-drained soil; sandy to heavy clay,Cool growing conditions,Crop guidance: Water during dry periods; keep soil moist,68,Not specified,Southern USA (supplier Southern Planting tag),2.65,"pea, shelling (dwarf) seed; heirloom; certified organic; price is a wholesale Guaranteed Sale Tier 1 unit quote requiring a season-opening order of 150-399 total packets, not a single-packet retail offer"
15301 - Mammoth Melting Sugar Tall,Pea,Cool season,Crop guidance: Well-drained soil; sandy to heavy clay,Cool growing conditions,Crop guidance: Water during dry periods; keep soil moist,70,Wilt resistance; pathogen not identified,Not specified,2.65,"pea, snow (tall) seed; certified organic; price is a wholesale Guaranteed Sale Tier 1 unit quote requiring a season-opening order of 150-399 total packets, not a single-packet retail offer"
15302 - Oregon Giant,Pea,Cool season,Crop guidance: Well-drained soil; sandy to heavy clay,Cool growing conditions,Crop guidance: Water during dry periods; keep soil moist,70,Not specified,Not specified,2.65,"pea, snow (dwarf) seed; certified organic; price is a wholesale Guaranteed Sale Tier 1 unit quote requiring a season-opening order of 150-399 total packets, not a single-packet retail offer"
15501 - Sugar Snap Tall,Pea,Cool season,Crop guidance: Well-drained soil; sandy to heavy clay,Cool growing conditions,Crop guidance: Water during dry periods; keep soil moist,70,Pea wilt tolerance; not tolerant of powdery mildew,Southern USA (supplier Southern Planting tag),2.65,"pea, snap (tall) seed; certified organic; price is a wholesale Guaranteed Sale Tier 1 unit quote requiring a season-opening order of 150-399 total packets, not a single-packet retail offer"
15503 - Sugar Daddy,Pea,Cool season,Crop guidance: Well-drained soil; sandy to heavy clay,Cool growing conditions,Crop guidance: Water during dry periods; keep soil moist,65,Not specified,Southern USA (supplier Southern Planting tag),2.65,"pea, snap (dwarf) seed; certified organic; price is a wholesale Guaranteed Sale Tier 1 unit quote requiring a season-opening order of 150-399 total packets, not a single-packet retail offer"
15507 - Sugar Ann,Pea,Cool season,Crop guidance: Well-drained soil; sandy to heavy clay,Cool growing conditions,Crop guidance: Water during dry periods; keep soil moist,56,Not specified,Southern USA (supplier Southern Planting tag),2.65,"pea, snap (dwarf) seed; certified organic; price is a wholesale Guaranteed Sale Tier 1 unit quote requiring a season-opening order of 150-399 total packets, not a single-packet retail offer"
46101 - Bull Nose (Large Sweet Spanish),Pepper,Warm season,Crop guidance: Well-drained soil,Warm growing conditions,Crop guidance: About 25.4 mm/week; maintain even moisture,58,Not specified,Southern USA (supplier Southern Planting tag),2.65,"pepper, sweet (bell) seed; heirloom; certified organic; price is a wholesale Guaranteed Sale Tier 1 unit quote requiring a season-opening order of 150-399 total packets, not a single-packet retail offer"
46102 - California Wonder,Pepper,Warm season,Crop guidance: Well-drained soil,Warm growing conditions,Crop guidance: About 25.4 mm/week; maintain even moisture,75,Tobacco mosaic resistance,Southern USA (supplier Southern Planting tag),2.65,"pepper, sweet (bell) seed; heirloom; certified organic; price is a wholesale Guaranteed Sale Tier 1 unit quote requiring a season-opening order of 150-399 total packets, not a single-packet retail offer"
46103 - Sweet Chocolate (Choco),Pepper,Warm season,Crop guidance: Well-drained soil,Warm growing conditions,Crop guidance: About 25.4 mm/week; maintain even moisture,86,General disease resistance; diseases not identified,Southern USA (supplier Southern Planting tag),2.65,"pepper, sweet (bell) seed; certified organic; price is a wholesale Guaranteed Sale Tier 1 unit quote requiring a season-opening order of 150-399 total packets, not a single-packet retail offer"
46105 - Golden Cal Wonder,Pepper,Warm season,Crop guidance: Well-drained soil,Warm growing conditions,Crop guidance: About 25.4 mm/week; maintain even moisture,72,Not specified,Mid-Atlantic USA (supplier description),2.65,"pepper, sweet (bell) seed; certified organic; price is a wholesale Guaranteed Sale Tier 1 unit quote requiring a season-opening order of 150-399 total packets, not a single-packet retail offer; supplier variant was unavailable on 2026-10-05"
46106 - Keystone Resistant Giant,Pepper,Warm season,Crop guidance: Well-drained soil,Warm growing conditions,Crop guidance: About 25.4 mm/week; maintain even moisture,79,Mosaic resistance; virus not identified,Mid-Atlantic USA; explicitly NOT recommended for the Deep South (supplier description),2.65,"pepper, sweet (bell) seed; certified organic; price is a wholesale Guaranteed Sale Tier 1 unit quote requiring a season-opening order of 150-399 total packets, not a single-packet retail offer"
46108 - World Beater (Ruby Giant),Pepper,Warm season,Crop guidance: Well-drained soil,Warm growing conditions,Crop guidance: About 25.4 mm/week; maintain even moisture,72,Not specified,Southern USA (supplier Southern Planting tag),2.65,"pepper, sweet (bell) seed; heirloom; certified organic; price is a wholesale Guaranteed Sale Tier 1 unit quote requiring a season-opening order of 150-399 total packets, not a single-packet retail offer"
46109 - Yellow Belle,Pepper,Warm season,Crop guidance: Well-drained soil,Warm growing conditions,Crop guidance: About 25.4 mm/week; maintain even moisture,65,Not specified,Not specified,2.65,"pepper, sweet (bell) seed; certified organic; price is a wholesale Guaranteed Sale Tier 1 unit quote requiring a season-opening order of 150-399 total packets, not a single-packet retail offer"
46110 - Marconi,Pepper,Warm season,Crop guidance: Well-drained soil,Warm growing conditions; supplier cultivar claim: Heat tolerance,Crop guidance: About 25.4 mm/week; maintain even moisture,80,Not specified,Not specified,2.65,"pepper, sweet (bell) seed; heirloom; certified organic; price is a wholesale Guaranteed Sale Tier 1 unit quote requiring a season-opening order of 150-399 total packets, not a single-packet retail offer"
46111 - Sweet Banana (Long Sweet Hungarian),Pepper,Warm season,Crop guidance: Well-drained soil,Warm growing conditions,Crop guidance: About 25.4 mm/week; maintain even moisture,70,Not specified,Mid-Atlantic USA (supplier description),2.65,"pepper, sweet seed; certified organic; price is a wholesale Guaranteed Sale Tier 1 unit quote requiring a season-opening order of 150-399 total packets, not a single-packet retail offer; supplier variant was unavailable on 2026-10-05"
46117 - Hungarian Paprika,Pepper,Warm season,Crop guidance: Well-drained soil,Warm growing conditions,Crop guidance: About 25.4 mm/week; maintain even moisture,70,Not specified,Not specified,2.65,"pepper, spice seed; heirloom; certified organic; price is a wholesale Guaranteed Sale Tier 1 unit quote requiring a season-opening order of 150-399 total packets, not a single-packet retail offer"
46120 - Orange Bell,Pepper,Warm season,Crop guidance: Well-drained soil,Warm growing conditions,Crop guidance: About 25.4 mm/week; maintain even moisture,90,Not specified,Southern USA (supplier Southern Planting tag),2.65,"pepper, sweet (bell) seed; certified organic; price is a wholesale Guaranteed Sale Tier 1 unit quote requiring a season-opening order of 150-399 total packets, not a single-packet retail offer"
46122 - Jimmy Nardello's Italian,Pepper,Warm season,Crop guidance: Well-drained soil,Warm growing conditions,Crop guidance: About 25.4 mm/week; maintain even moisture,58,General disease resistance; diseases not identified,Southern USA (supplier Southern Planting tag),2.65,"pepper, sweet/drying seed; heirloom; certified organic; price is a wholesale Guaranteed Sale Tier 1 unit quote requiring a season-opening order of 150-399 total packets, not a single-packet retail offer"
46123 - Carolina Wonder,Pepper,Warm season,Crop guidance: Well-drained soil,Warm growing conditions,Crop guidance: About 25.4 mm/week; maintain even moisture,75,Nematode resistance; nematode species not identified,Southern USA (supplier Southern Planting tag),2.65,"pepper, sweet (bell) seed; certified organic; price is a wholesale Guaranteed Sale Tier 1 unit quote requiring a season-opening order of 150-399 total packets, not a single-packet retail offer"
46124 - Feherozon,Pepper,Warm season,Crop guidance: Well-drained soil,Warm growing conditions,Crop guidance: About 25.4 mm/week; maintain even moisture,55,Not specified,Northern USA gardens (supplier description),2.65,"pepper, sweet (bell) seed; certified organic; determinate growth; price is a wholesale Guaranteed Sale Tier 1 unit quote requiring a season-opening order of 150-399 total packets, not a single-packet retail offer"
46126 - Doe Hill Golden Bell,Pepper,Warm season,Crop guidance: Well-drained soil,Warm growing conditions,Crop guidance: About 25.4 mm/week; maintain even moisture,61,General disease resistance; diseases not identified,Southern USA (supplier Southern Planting tag),2.65,"pepper, sweet seed; heirloom; certified organic; price is a wholesale Guaranteed Sale Tier 1 unit quote requiring a season-opening order of 150-399 total packets, not a single-packet retail offer"
46136 - Ashe County Pimento,Pepper,Warm season,Crop guidance: Well-drained soil,Warm growing conditions,Crop guidance: About 25.4 mm/week; maintain even moisture,52,Not specified,Southern USA (supplier Southern Planting tag),2.65,"pepper, sweet seed; heirloom; certified organic; price is a wholesale Guaranteed Sale Tier 1 unit quote requiring a season-opening order of 150-399 total packets, not a single-packet retail offer"
46140 - Purple Beauty,Pepper,Warm season,Crop guidance: Well-drained soil,Warm growing conditions,Crop guidance: About 25.4 mm/week; maintain even moisture,80,Mosaic resistance; virus not identified,Southern USA (supplier Southern Planting tag),2.65,"pepper, sweet (bell) seed; certified organic; price is a wholesale Guaranteed Sale Tier 1 unit quote requiring a season-opening order of 150-399 total packets, not a single-packet retail offer"
46501 - Anaheim Chile,Pepper,Warm season,Crop guidance: Well-drained soil,Warm growing conditions,Crop guidance: About 25.4 mm/week; maintain even moisture,77,Not specified,Southern USA (supplier Southern Planting tag),2.65,"pepper, hot seed; certified organic; price is a wholesale Guaranteed Sale Tier 1 unit quote requiring a season-opening order of 150-399 total packets, not a single-packet retail offer"
"46504 - Cayenne, Long Red",Pepper,Warm season,Crop guidance: Well-drained soil,Warm growing conditions,Crop guidance: About 25.4 mm/week; maintain even moisture,72,Not specified,Southern USA (supplier Southern Planting tag),2.65,"pepper, hot seed; heirloom; certified organic; price is a wholesale Guaranteed Sale Tier 1 unit quote requiring a season-opening order of 150-399 total packets, not a single-packet retail offer"
46506 - Habanero,Pepper,Warm season,Crop guidance: Well-drained soil,Warm growing conditions,Crop guidance: About 25.4 mm/week; maintain even moisture,95,Not specified,Southern USA (supplier Southern Planting tag),2.65,"pepper, hot seed; certified organic; price is a wholesale Guaranteed Sale Tier 1 unit quote requiring a season-opening order of 150-399 total packets, not a single-packet retail offer"
46508 - Jalapeño,Pepper,Warm season,Crop guidance: Well-drained soil,Warm growing conditions,Crop guidance: About 25.4 mm/week; maintain even moisture,72,Not specified,Southern USA (supplier Southern Planting tag),2.65,"pepper, hot seed; certified organic; price is a wholesale Guaranteed Sale Tier 1 unit quote requiring a season-opening order of 150-399 total packets, not a single-packet retail offer"
46512 - Serrano Tampiqueno,Pepper,Warm season,Crop guidance: Well-drained soil,Warm growing conditions,Crop guidance: About 25.4 mm/week; maintain even moisture,75,Not specified,Southern USA (supplier Southern Planting tag),2.65,"pepper, hot seed; certified organic; price is a wholesale Guaranteed Sale Tier 1 unit quote requiring a season-opening order of 150-399 total packets, not a single-packet retail offer"
46517 - Chinese Five-Color,Pepper,Warm season,Crop guidance: Well-drained soil,Warm growing conditions,Crop guidance: About 25.4 mm/week; maintain even moisture,70-90,Not specified,Southern USA (supplier Southern Planting tag),2.65,"pepper, hot seed; heirloom; certified organic; price is a wholesale Guaranteed Sale Tier 1 unit quote requiring a season-opening order of 150-399 total packets, not a single-packet retail offer"
46518 - Fish,Pepper,Warm season,Crop guidance: Well-drained soil,Warm growing conditions; supplier cultivar claim: Heat tolerance,Crop guidance: About 25.4 mm/week; maintain even moisture,55,Not specified,Southern USA (supplier Southern Planting tag),2.65,"pepper, hot seed; heirloom; certified organic; price is a wholesale Guaranteed Sale Tier 1 unit quote requiring a season-opening order of 150-399 total packets, not a single-packet retail offer"
"46521 - Cayenne, Carolina",Pepper,Warm season,Crop guidance: Well-drained soil,Warm growing conditions,Crop guidance: About 25.4 mm/week; maintain even moisture,70,Nematode resistance; nematode species not identified,Southern USA (supplier Southern Planting tag),2.65,"pepper, hot seed; certified organic; price is a wholesale Guaranteed Sale Tier 1 unit quote requiring a season-opening order of 150-399 total packets, not a single-packet retail offer"
46524 - Ancho Poblano,Pepper,Warm season,Crop guidance: Well-drained soil,Warm growing conditions,Crop guidance: About 25.4 mm/week; maintain even moisture,74,Not specified,Southern USA (supplier Southern Planting tag),2.65,"pepper, hot seed; certified organic; price is a wholesale Guaranteed Sale Tier 1 unit quote requiring a season-opening order of 150-399 total packets, not a single-packet retail offer"
46526 - Aji Chinchi Amarillo Hot Pepper,Pepper,Warm season,Crop guidance: Well-drained soil,Warm growing conditions,Crop guidance: About 25.4 mm/week; maintain even moisture,59,Not specified,Not specified,2.65,"pepper, hot seed; certified organic; price is a wholesale Guaranteed Sale Tier 1 unit quote requiring a season-opening order of 150-399 total packets, not a single-packet retail offer; supplier variant was unavailable on 2026-10-05"
46529 - Jaloro Jalapeño,Pepper,Warm season,Crop guidance: Well-drained soil,Warm growing conditions,Crop guidance: About 25.4 mm/week; maintain even moisture,65,TMV resistance,Southern USA (supplier Southern Planting tag),2.65,"pepper, hot seed; certified organic; price is a wholesale Guaranteed Sale Tier 1 unit quote requiring a season-opening order of 150-399 total packets, not a single-packet retail offer"
46601 - Aji Dulce,Pepper,Warm season,Crop guidance: Well-drained soil,Warm growing conditions,Crop guidance: About 25.4 mm/week; maintain even moisture,99,Not specified,Southern USA (supplier Southern Planting tag),2.65,"pepper, spice seed; heirloom; certified organic; price is a wholesale Guaranteed Sale Tier 1 unit quote requiring a season-opening order of 150-399 total packets, not a single-packet retail offer"
53113 - Connecticut Field,Pumpkin,Warm season,"Crop guidance: Moisture-retaining, well-drained soil; heavier soil tolerated",Warm growing conditions,Crop guidance: At least 25.4 mm/week from rain and irrigation,110,Not specified,Not specified,2.65,"pumpkin (c. pepo) seed; heirloom; certified organic; price is a wholesale Guaranteed Sale Tier 1 unit quote requiring a season-opening order of 150-399 total packets, not a single-packet retail offer"
53114 - Small Sugar,Pumpkin,Warm season,"Crop guidance: Moisture-retaining, well-drained soil; heavier soil tolerated",Warm growing conditions,Crop guidance: At least 25.4 mm/week from rain and irrigation,100,Not specified,Not specified,2.65,"pumpkin (c. pepo) seed; heirloom; certified organic; price is a wholesale Guaranteed Sale Tier 1 unit quote requiring a season-opening order of 150-399 total packets, not a single-packet retail offer"
53152 - Winter Luxury Pie,Pumpkin,Warm season,"Crop guidance: Moisture-retaining, well-drained soil; heavier soil tolerated",Warm growing conditions,Crop guidance: At least 25.4 mm/week from rain and irrigation,100,Not specified,Not specified,2.65,"pumpkin (c. pepo) seed; heirloom; certified organic; price is a wholesale Guaranteed Sale Tier 1 unit quote requiring a season-opening order of 150-399 total packets, not a single-packet retail offer"
53303 - Big Max,Pumpkin,Warm season,"Crop guidance: Moisture-retaining, well-drained soil; heavier soil tolerated",Warm growing conditions,Crop guidance: At least 25.4 mm/week from rain and irrigation,115,Not specified,Not specified,2.65,"pumpkin (c. maxima) seed; certified organic; price is a wholesale Guaranteed Sale Tier 1 unit quote requiring a season-opening order of 150-399 total packets, not a single-packet retail offer"
53305 - Rouge Vif D'Etampes (Cinderella),Pumpkin,Warm season,"Crop guidance: Moisture-retaining, well-drained soil; heavier soil tolerated",Warm growing conditions,Crop guidance: At least 25.4 mm/week from rain and irrigation,120,Not specified,Not specified,2.65,"pumpkin (c. maxima) seed; heirloom; certified organic; price is a wholesale Guaranteed Sale Tier 1 unit quote requiring a season-opening order of 150-399 total packets, not a single-packet retail offer"
53604 - Seminole,Pumpkin,Warm season,"Crop guidance: Moisture-retaining, well-drained soil; heavier soil tolerated","Warm growing conditions; supplier cultivar claim: Suited to hot, humid growing conditions",Crop guidance: At least 25.4 mm/week from rain and irrigation,95,Downy mildew resistance,Southern USA (supplier Southern Planting tag),2.65,"pumpkin (c. moschata) seed; heirloom; certified organic; maturity backfilled from an older supplier publication, not stated in the current feed; price is a wholesale Guaranteed Sale Tier 1 unit quote requiring a season-opening order of 150-399 total packets, not a single-packet retail offer"
28102 - Black Spanish Round,Radish,Cool season,"Crop guidance: Well-drained, uncompacted soil",Cool growing conditions,Crop guidance: About 25.4 mm/week; irrigate if rain is insufficient,53,Not specified,Southern USA (supplier Southern Planting tag),2.65,"radish, fall seed; heirloom; certified organic; price is a wholesale Guaranteed Sale Tier 1 unit quote requiring a season-opening order of 150-399 total packets, not a single-packet retail offer"
28103 - Cherry Belle,Radish,Cool season,"Crop guidance: Well-drained, uncompacted soil",Cool growing conditions,Crop guidance: About 25.4 mm/week; irrigate if rain is insufficient,24,Not specified,Southern USA (supplier Southern Planting tag),2.65,"radish seed; certified organic; price is a wholesale Guaranteed Sale Tier 1 unit quote requiring a season-opening order of 150-399 total packets, not a single-packet retail offer"
28106 - White Icicle (Lady Finger),Radish,Cool season,"Crop guidance: Well-drained, uncompacted soil",Cool growing conditions,Crop guidance: About 25.4 mm/week; irrigate if rain is insufficient,29,Not specified,Southern USA (supplier Southern Planting tag),2.65,"radish seed; heirloom; certified organic; price is a wholesale Guaranteed Sale Tier 1 unit quote requiring a season-opening order of 150-399 total packets, not a single-packet retail offer"
28108 - Sparkler White Tip,Radish,Cool season,"Crop guidance: Well-drained, uncompacted soil",Cool growing conditions,Crop guidance: About 25.4 mm/week; irrigate if rain is insufficient,24,Not specified,Southern USA (supplier Southern Planting tag),2.65,"radish seed; certified organic; price is a wholesale Guaranteed Sale Tier 1 unit quote requiring a season-opening order of 150-399 total packets, not a single-packet retail offer"
28109 - Misato Rose,Radish,Cool season,"Crop guidance: Well-drained, uncompacted soil",Cool growing conditions,Crop guidance: About 25.4 mm/week; irrigate if rain is insufficient,60,Not specified,Southern USA (supplier Southern Planting tag),2.65,"radish, fall seed; certified organic; price is a wholesale Guaranteed Sale Tier 1 unit quote requiring a season-opening order of 150-399 total packets, not a single-packet retail offer"
28111 - French Breakfast,Radish,Cool season,"Crop guidance: Well-drained, uncompacted soil",Cool growing conditions,Crop guidance: About 25.4 mm/week; irrigate if rain is insufficient,25,Not specified,Not specified,2.65,"radish seed; certified organic; price is a wholesale Guaranteed Sale Tier 1 unit quote requiring a season-opening order of 150-399 total packets, not a single-packet retail offer"
"28201 - Daikon, Miyashige White",Radish,Cool season,"Crop guidance: Well-drained, uncompacted soil",Cool growing conditions,Crop guidance: About 25.4 mm/week; irrigate if rain is insufficient,65,Not specified,Southern USA (supplier Southern Planting tag),2.65,"radish, fall seed; certified organic; price is a wholesale Guaranteed Sale Tier 1 unit quote requiring a season-opening order of 150-399 total packets, not a single-packet retail offer"
28951 - Easter Egg,Radish,Cool season,"Crop guidance: Well-drained, uncompacted soil",Cool growing conditions,Crop guidance: About 25.4 mm/week; irrigate if rain is insufficient,24,Not specified,Southern USA (supplier Southern Planting tag),2.65,"radish seed; certified organic; price is a wholesale Guaranteed Sale Tier 1 unit quote requiring a season-opening order of 150-399 total packets, not a single-packet retail offer"
53101 - Early Prolific Straightneck,Summer squash,Warm season,"Crop guidance: Moisture-retaining, well-drained soil",Warm growing conditions,Crop guidance: About 25.4 mm/week; monitor moisture,48,Not specified,Southern USA (supplier Southern Planting tag),2.65,"squash, summer seed; heirloom; certified organic; price is a wholesale Guaranteed Sale Tier 1 unit quote requiring a season-opening order of 150-399 total packets, not a single-packet retail offer"
53102 - Yellow Crookneck,Summer squash,Warm season,"Crop guidance: Moisture-retaining, well-drained soil",Warm growing conditions,Crop guidance: About 25.4 mm/week; monitor moisture,55,Not specified,Southern USA (supplier Southern Planting tag),2.65,"squash, summer seed; heirloom; certified organic; price is a wholesale Guaranteed Sale Tier 1 unit quote requiring a season-opening order of 150-399 total packets, not a single-packet retail offer"
53104 - Golden Bush Scallop,Summer squash,Warm season,"Crop guidance: Moisture-retaining, well-drained soil",Warm growing conditions,Crop guidance: About 25.4 mm/week; monitor moisture,68,Downy mildew resistance,Southern USA (supplier Southern Planting tag),2.65,"squash, summer seed; heirloom; certified organic; price is a wholesale Guaranteed Sale Tier 1 unit quote requiring a season-opening order of 150-399 total packets, not a single-packet retail offer"
"53105 - Zucchini, Black Beauty",Summer squash,Warm season,"Crop guidance: Moisture-retaining, well-drained soil",Warm growing conditions,Crop guidance: About 25.4 mm/week; monitor moisture,48,Not specified,Not specified,2.65,"squash, summer seed; certified organic; price is a wholesale Guaranteed Sale Tier 1 unit quote requiring a season-opening order of 150-399 total packets, not a single-packet retail offer"
"53106 - Zucchini, Dark Green",Summer squash,Warm season,"Crop guidance: Moisture-retaining, well-drained soil",Warm growing conditions,Crop guidance: About 25.4 mm/week; monitor moisture,50,Not specified,Southern USA (supplier Southern Planting tag),2.65,"squash, summer seed; certified organic; price is a wholesale Guaranteed Sale Tier 1 unit quote requiring a season-opening order of 150-399 total packets, not a single-packet retail offer"
53115 - Benning's Green Tint,Summer squash,Warm season,"Crop guidance: Moisture-retaining, well-drained soil",Warm growing conditions,Crop guidance: About 25.4 mm/week; monitor moisture,52,Not specified,Southern USA (supplier Southern Planting tag),2.65,"squash, summer seed; heirloom; certified organic; price is a wholesale Guaranteed Sale Tier 1 unit quote requiring a season-opening order of 150-399 total packets, not a single-packet retail offer"
53116 - Cocozelle Italian,Summer squash,Warm season,"Crop guidance: Moisture-retaining, well-drained soil",Warm growing conditions,Crop guidance: About 25.4 mm/week; monitor moisture,59,Not specified,Southern USA (supplier Southern Planting tag),2.65,"squash, summer seed; heirloom; certified organic; price is a wholesale Guaranteed Sale Tier 1 unit quote requiring a season-opening order of 150-399 total packets, not a single-packet retail offer"
53120 - Costata Romanesca,Summer squash,Warm season,"Crop guidance: Moisture-retaining, well-drained soil",Warm growing conditions,Crop guidance: About 25.4 mm/week; monitor moisture,62,Not specified,Southern USA (supplier Southern Planting tag),2.65,"squash, summer seed; heirloom; certified organic; price is a wholesale Guaranteed Sale Tier 1 unit quote requiring a season-opening order of 150-399 total packets, not a single-packet retail offer"
53607 - Tromboncino,Summer squash,Warm season,"Crop guidance: Moisture-retaining, well-drained soil",Warm growing conditions,Crop guidance: About 25.4 mm/week; monitor moisture,60,Not specified,Southern USA (supplier Southern Planting tag),2.65,"squash, summer (c. moschata) seed; heirloom; certified organic; price is a wholesale Guaranteed Sale Tier 1 unit quote requiring a season-opening order of 150-399 total packets, not a single-packet retail offer"
49101 - Abraham Lincoln,Tomato,Warm season,Crop guidance: Compost-amended soil,Warm growing conditions,Crop guidance: About 25.4 mm/week; maintain even moisture,70,"Supplier lists resistance/tolerance to: Alternaria early blight, Alternaria stem canker",Southern USA (supplier Southern Planting tag),2.65,"tomato seed; heirloom; certified organic; indeterminate growth; supplier crop guidance counts maturity after transplanting; price is a wholesale Guaranteed Sale Tier 1 unit quote requiring a season-opening order of 150-399 total packets, not a single-packet retail offer"
49102 - Arkansas Traveler,Tomato,Warm season,Crop guidance: Compost-amended soil,Warm growing conditions; supplier cultivar claim: Supplier reports production under drought and high heat,Crop guidance: About 25.4 mm/week; maintain even moisture,89,General disease resistance; diseases not identified,Southern USA (supplier Southern Planting tag),2.65,"tomato seed; heirloom; certified organic; indeterminate growth; supplier crop guidance counts maturity after transplanting; price is a wholesale Guaranteed Sale Tier 1 unit quote requiring a season-opening order of 150-399 total packets, not a single-packet retail offer"
49103 - Big Rainbow,Tomato,Warm season,Crop guidance: Compost-amended soil,Warm growing conditions,Crop guidance: About 25.4 mm/week; maintain even moisture,90,"Supplier lists resistance/tolerance to: Alternaria early blight, Alternaria stem canker",Southern USA (supplier Southern Planting tag),2.65,"tomato seed; heirloom; certified organic; indeterminate growth; supplier crop guidance counts maturity after transplanting; price is a wholesale Guaranteed Sale Tier 1 unit quote requiring a season-opening order of 150-399 total packets, not a single-packet retail offer"
49104 - Brandywine (Sudduth Strain),Tomato,Warm season,Crop guidance: Compost-amended soil,Warm growing conditions,Crop guidance: About 25.4 mm/week; maintain even moisture,74,Not specified; supplier reports lower disease resistance than other Brandywine strains,Not specified,2.65,"tomato seed; heirloom; certified organic; indeterminate growth; supplier crop guidance counts maturity after transplanting; price is a wholesale Guaranteed Sale Tier 1 unit quote requiring a season-opening order of 150-399 total packets, not a single-packet retail offer"
49106 - Cherokee Purple,Tomato,Warm season,Crop guidance: Compost-amended soil,Warm growing conditions,Crop guidance: About 25.4 mm/week; maintain even moisture,85,Septoria leaf spot resistance,Southern USA (supplier Southern Planting tag),2.65,"tomato, slicing seed; heirloom; certified organic; indeterminate growth; supplier crop guidance counts maturity after transplanting; price is a wholesale Guaranteed Sale Tier 1 unit quote requiring a season-opening order of 150-399 total packets, not a single-packet retail offer"
49112 - Eva Purple Ball,Tomato,Warm season,Crop guidance: Compost-amended soil,"Warm growing conditions; supplier cultivar claim: Supplier reports good performance in hot, humid conditions",Crop guidance: About 25.4 mm/week; maintain even moisture,78,"Supplier lists resistance/tolerance to: Alternaria early blight, Late blight; late blight resistance is partial",Southern USA (supplier Southern Planting tag),2.65,"tomato seed; heirloom; certified organic; indeterminate growth; Supplier separately lists physiological-disorder tolerance/resistance: blossom-end rot, fruit cracking, catfacing; supplier crop guidance counts maturity after transplanting; price is a wholesale Guaranteed Sale Tier 1 unit quote requiring a season-opening order of 150-399 total packets, not a single-packet retail offer"
49114 - Georgia Streak,Tomato,Warm season,Crop guidance: Compost-amended soil,Warm growing conditions,Crop guidance: About 25.4 mm/week; maintain even moisture,91,Not specified,Southern USA (supplier Southern Planting tag),2.65,"tomato seed; heirloom; certified organic; indeterminate growth; supplier crop guidance counts maturity after transplanting; price is a wholesale Guaranteed Sale Tier 1 unit quote requiring a season-opening order of 150-399 total packets, not a single-packet retail offer; supplier variant was unavailable on 2026-10-05"
49115 - German Johnson,Tomato,Warm season,Crop guidance: Compost-amended soil,Warm growing conditions,Crop guidance: About 25.4 mm/week; maintain even moisture,76,General disease resistance; diseases not identified,Southern USA (supplier Southern Planting tag),2.65,"tomato seed; heirloom; certified organic; indeterminate growth; supplier crop guidance counts maturity after transplanting; price is a wholesale Guaranteed Sale Tier 1 unit quote requiring a season-opening order of 150-399 total packets, not a single-packet retail offer"
49116 - Oxheart,Tomato,Warm season,Crop guidance: Compost-amended soil,Warm growing conditions,Crop guidance: About 25.4 mm/week; maintain even moisture,88,Not specified,Not specified,2.65,"tomato seed; certified organic; indeterminate growth; supplier crop guidance counts maturity after transplanting; price is a wholesale Guaranteed Sale Tier 1 unit quote requiring a season-opening order of 150-399 total packets, not a single-packet retail offer"
49118 - Green Grape,Tomato,Warm season,Crop guidance: Compost-amended soil,Warm growing conditions,Crop guidance: About 25.4 mm/week; maintain even moisture,78,Not specified,Southern USA (supplier Southern Planting tag),2.65,"tomato, cherry seed; certified organic; semi-determinate growth; supplier crop guidance counts maturity after transplanting; price is a wholesale Guaranteed Sale Tier 1 unit quote requiring a season-opening order of 150-399 total packets, not a single-packet retail offer"
49119 - Green Zebra,Tomato,Warm season,Crop guidance: Compost-amended soil,Warm growing conditions,Crop guidance: About 25.4 mm/week; maintain even moisture,78,Partial Septoria leaf spot resistance,Not specified,2.65,"tomato seed; certified organic; indeterminate growth; supplier crop guidance counts maturity after transplanting; price is a wholesale Guaranteed Sale Tier 1 unit quote requiring a season-opening order of 150-399 total packets, not a single-packet retail offer"
49120 - Heinz 1350 VF,Tomato,Warm season,Crop guidance: Compost-amended soil,Warm growing conditions,Crop guidance: About 25.4 mm/week; maintain even moisture,75,"Supplier lists resistance/tolerance to: Verticillium wilt, Fusarium wilt race 1, Alternaria stem canker",Southern USA (supplier Southern Planting tag),2.65,"tomato, canning seed; heirloom; certified organic; determinate growth; Supplier separately lists physiological-disorder tolerance/resistance: fruit cracking; supplier crop guidance counts maturity after transplanting; price is a wholesale Guaranteed Sale Tier 1 unit quote requiring a season-opening order of 150-399 total packets, not a single-packet retail offer"
49121 - Homestead 24,Tomato,Warm season,Crop guidance: Compost-amended soil,"Warm growing conditions; supplier cultivar claim: Adapted to hot, humid conditions and high-temperature fruit set",Crop guidance: About 25.4 mm/week; maintain even moisture,80,"Supplier lists resistance/tolerance to: Alternaria stem canker, Fusarium wilt race 1",Florida and Mid-Atlantic USA (supplier description),2.65,"tomato seed; certified organic; semi-determinate growth; Supplier separately lists physiological-disorder tolerance/resistance: catfacing, fruit cracking; supplier crop guidance counts maturity after transplanting; price is a wholesale Guaranteed Sale Tier 1 unit quote requiring a season-opening order of 150-399 total packets, not a single-packet retail offer"
49123 - Hungarian Italian Paste,Tomato,Warm season,Crop guidance: Compost-amended soil,Warm growing conditions,Crop guidance: About 25.4 mm/week; maintain even moisture,79,General disease resistance; diseases not identified,Southern USA (supplier Southern Planting tag),2.65,"tomato, paste seed; certified organic; determinate growth; supplier crop guidance counts maturity after transplanting; price is a wholesale Guaranteed Sale Tier 1 unit quote requiring a season-opening order of 150-399 total packets, not a single-packet retail offer"
49125 - Long Keeper,Tomato,Warm season,Crop guidance: Compost-amended soil,Warm growing conditions,Crop guidance: About 25.4 mm/week; maintain even moisture,78,Not specified,Southern USA (supplier Southern Planting tag),2.65,"tomato, winter storage seed; certified organic; semi-determinate growth; supplier crop guidance counts maturity after transplanting; price is a wholesale Guaranteed Sale Tier 1 unit quote requiring a season-opening order of 150-399 total packets, not a single-packet retail offer"
49126 - Marglobe VF (Marglobe Improved),Tomato,Warm season,Crop guidance: Compost-amended soil,Warm growing conditions,Crop guidance: About 25.4 mm/week; maintain even moisture,70,"Supplier lists resistance/tolerance to: Verticillium wilt, Fusarium wilt race 1, Alternaria stem canker, Cladosporium leaf mold, Nail head rust, Stemphylium spot",Southern USA (supplier Southern Planting tag),2.65,"tomato seed; heirloom; certified organic; determinate growth; Supplier separately lists physiological-disorder tolerance/resistance: sunscald; supplier crop guidance counts maturity after transplanting; price is a wholesale Guaranteed Sale Tier 1 unit quote requiring a season-opening order of 150-399 total packets, not a single-packet retail offer"
49129 - Mortgage Lifter VFN,Tomato,Warm season,Crop guidance: Compost-amended soil,Warm growing conditions,Crop guidance: About 25.4 mm/week; maintain even moisture,83,"Supplier lists resistance/tolerance to: Alternaria early blight, Alternaria stem canker, Verticillium wilt, Fusarium wilt race 1, Root-knot nematode",Southern USA (supplier Southern Planting tag),2.65,"tomato seed; certified organic; indeterminate growth; supplier crop guidance counts maturity after transplanting; price is a wholesale Guaranteed Sale Tier 1 unit quote requiring a season-opening order of 150-399 total packets, not a single-packet retail offer"
49132 - Ozark Pink VF,Tomato,Warm season,Crop guidance: Compost-amended soil,"Warm growing conditions; supplier cultivar claim: Suited to hot, humid conditions",Crop guidance: About 25.4 mm/week; maintain even moisture,65,"Supplier lists resistance/tolerance to: Fusarium wilt race 1, Verticillium wilt",Southern USA (supplier Southern Planting tag),2.65,"tomato seed; certified organic; indeterminate growth; Supplier separately lists physiological-disorder tolerance/resistance: blossom-end rot, fruit cracking; supplier crop guidance counts maturity after transplanting; price is a wholesale Guaranteed Sale Tier 1 unit quote requiring a season-opening order of 150-399 total packets, not a single-packet retail offer"
49133 - Persimmon,Tomato,Warm season,Crop guidance: Compost-amended soil,Warm growing conditions,Crop guidance: About 25.4 mm/week; maintain even moisture,88,Late blight tolerance,Southern USA (supplier Southern Planting tag),2.65,"tomato seed; heirloom; certified organic; indeterminate growth; supplier crop guidance counts maturity after transplanting; price is a wholesale Guaranteed Sale Tier 1 unit quote requiring a season-opening order of 150-399 total packets, not a single-packet retail offer"
49136 - Red Cherry (Old Fashioned Red),Tomato,Warm season,Crop guidance: Compost-amended soil,Warm growing conditions,Crop guidance: About 25.4 mm/week; maintain even moisture,72,Not specified,Southern USA (supplier Southern Planting tag),2.65,"tomato, cherry seed; heirloom; certified organic; indeterminate growth; supplier crop guidance counts maturity after transplanting; price is a wholesale Guaranteed Sale Tier 1 unit quote requiring a season-opening order of 150-399 total packets, not a single-packet retail offer"
49138 - Roma VF,Tomato,Warm season,Crop guidance: Compost-amended soil,Warm growing conditions,Crop guidance: About 25.4 mm/week; maintain even moisture,75,"Supplier lists resistance/tolerance to: Verticillium wilt, Fusarium wilt race 1, Alternaria stem canker",Not specified,2.65,"tomato, paste seed; certified organic; determinate growth; supplier crop guidance counts maturity after transplanting; price is a wholesale Guaranteed Sale Tier 1 unit quote requiring a season-opening order of 150-399 total packets, not a single-packet retail offer"
49145 - Tropic VFN,Tomato,Warm season,Crop guidance: Compost-amended soil,"Warm growing conditions; supplier cultivar claim: Suited to hot, humid conditions",Crop guidance: About 25.4 mm/week; maintain even moisture,80,"Supplier lists resistance/tolerance to: Fusarium wilt race 1, Alternaria stem canker, Root-knot nematode, Alternaria early blight, Cladosporium leaf mold, Stemphylium spot, Tobacco mosaic virus (tmv1/tmv4 suffix meanings unverified)","Mid-Atlantic and hot, humid growing areas (supplier description)",2.65,"tomato seed; certified organic; indeterminate growth; Supplier separately lists physiological-disorder tolerance/resistance: gray wall, sunscald, fruit cracking; supplier crop guidance counts maturity after transplanting; price is a wholesale Guaranteed Sale Tier 1 unit quote requiring a season-opening order of 150-399 total packets, not a single-packet retail offer"
49154 - Yellow Pear,Tomato,Warm season,Crop guidance: Compost-amended soil,Warm growing conditions; supplier cultivar claim: Heat tolerance; fruit can split with irregular watering,Crop guidance: About 25.4 mm/week; maintain even moisture,75,"Supplier lists resistance/tolerance to: Alternaria stem canker, Fusarium wilt race 1",Southern USA (supplier Southern Planting tag),2.65,"tomato, cherry seed; heirloom; certified organic; indeterminate growth; supplier crop guidance counts maturity after transplanting; price is a wholesale Guaranteed Sale Tier 1 unit quote requiring a season-opening order of 150-399 total packets, not a single-packet retail offer"
49180 - Black Prince,Tomato,Warm season,Crop guidance: Compost-amended soil,Warm growing conditions,Crop guidance: About 25.4 mm/week; maintain even moisture,69,Not specified,Not specified,2.65,"tomato seed; heirloom; certified organic; indeterminate growth; supplier crop guidance counts maturity after transplanting; price is a wholesale Guaranteed Sale Tier 1 unit quote requiring a season-opening order of 150-399 total packets, not a single-packet retail offer"
49183 - Large Red,Tomato,Warm season,Crop guidance: Compost-amended soil,Warm growing conditions,Crop guidance: About 25.4 mm/week; maintain even moisture,85,Not specified,Southern USA (supplier Southern Planting tag),2.65,"tomato seed; heirloom; certified organic; indeterminate growth; supplier crop guidance counts maturity after transplanting; price is a wholesale Guaranteed Sale Tier 1 unit quote requiring a season-opening order of 150-399 total packets, not a single-packet retail offer"
"49186 - Brandywine, Yellow",Tomato,Warm season,Crop guidance: Compost-amended soil,Warm growing conditions,Crop guidance: About 25.4 mm/week; maintain even moisture,76,Not specified,Not specified,2.65,"tomato seed; heirloom; certified organic; indeterminate growth; supplier crop guidance counts maturity after transplanting; price is a wholesale Guaranteed Sale Tier 1 unit quote requiring a season-opening order of 150-399 total packets, not a single-packet retail offer"
"49189 - Brandywine, OTV",Tomato,Warm season,Crop guidance: Compost-amended soil,Warm growing conditions; supplier cultivar claim: Heat tolerance,Crop guidance: About 25.4 mm/week; maintain even moisture,72,Not specified,Southern USA (supplier Southern Planting tag),2.65,"tomato seed; certified organic; indeterminate growth; supplier crop guidance counts maturity after transplanting; price is a wholesale Guaranteed Sale Tier 1 unit quote requiring a season-opening order of 150-399 total packets, not a single-packet retail offer"
49196 - Glacier,Tomato,Warm season,Crop guidance: Compost-amended soil,Warm growing conditions; supplier cultivar claim: Cold tolerance; possible light-frost survival is not a guarantee,Crop guidance: About 25.4 mm/week; maintain even moisture,58,Not specified,Southern USA (supplier Southern Planting tag),2.65,"tomato seed; certified organic; determinate growth; supplier crop guidance counts maturity after transplanting; price is a wholesale Guaranteed Sale Tier 1 unit quote requiring a season-opening order of 150-399 total packets, not a single-packet retail offer"
49197 - Amish Paste,Tomato,Warm season,Crop guidance: Compost-amended soil,Warm growing conditions,Crop guidance: About 25.4 mm/week; maintain even moisture,,Not specified,Southern USA (supplier Southern Planting tag),2.65,"tomato, sauce seed; heirloom; certified organic; indeterminate growth; supplier crop guidance counts maturity after transplanting; price is a wholesale Guaranteed Sale Tier 1 unit quote requiring a season-opening order of 150-399 total packets, not a single-packet retail offer"
49200 - Principe Borghese,Tomato,Warm season,Crop guidance: Compost-amended soil,Warm growing conditions,Crop guidance: About 25.4 mm/week; maintain even moisture,78,Not specified,Southern USA (supplier Southern Planting tag),2.65,"tomato, drying seed; heirloom; certified organic; determinate growth; supplier crop guidance counts maturity after transplanting; price is a wholesale Guaranteed Sale Tier 1 unit quote requiring a season-opening order of 150-399 total packets, not a single-packet retail offer"
49201 - Garden Peach,Tomato,Warm season,Crop guidance: Compost-amended soil,Warm growing conditions,Crop guidance: About 25.4 mm/week; maintain even moisture,73,Not specified,Southern USA (supplier Southern Planting tag),2.65,"tomato seed; certified organic; indeterminate growth; supplier crop guidance counts maturity after transplanting; price is a wholesale Guaranteed Sale Tier 1 unit quote requiring a season-opening order of 150-399 total packets, not a single-packet retail offer"
49202 - Martian Giant Slicer,Tomato,Warm season,Crop guidance: Compost-amended soil,Warm growing conditions,Crop guidance: About 25.4 mm/week; maintain even moisture,95,Not specified,Southern USA (supplier Southern Planting tag),2.65,"tomato seed; certified organic; semi-determinate growth; supplier crop guidance counts maturity after transplanting; price is a wholesale Guaranteed Sale Tier 1 unit quote requiring a season-opening order of 150-399 total packets, not a single-packet retail offer"
49205 - Black Plum,Tomato,Warm season,Crop guidance: Compost-amended soil,Warm growing conditions,Crop guidance: About 25.4 mm/week; maintain even moisture,70-80,Not specified,Southern USA (supplier Southern Planting tag),2.65,"tomato, paste seed; heirloom; certified organic; indeterminate growth; supplier crop guidance counts maturity after transplanting; price is a wholesale Guaranteed Sale Tier 1 unit quote requiring a season-opening order of 150-399 total packets, not a single-packet retail offer"
49208 - Granny Cantrell's German Red/Pink,Tomato,Warm season,Crop guidance: Compost-amended soil,Warm growing conditions,Crop guidance: About 25.4 mm/week; maintain even moisture,69-80,Not specified,Southern USA (supplier Southern Planting tag),2.65,"tomato seed; heirloom; certified organic; indeterminate growth; supplier crop guidance counts maturity after transplanting; price is a wholesale Guaranteed Sale Tier 1 unit quote requiring a season-opening order of 150-399 total packets, not a single-packet retail offer"
49211 - Striped Roman,Tomato,Warm season,Crop guidance: Compost-amended soil,Warm growing conditions,Crop guidance: About 25.4 mm/week; maintain even moisture,80,Not specified,Not specified,2.65,"tomato seed; certified organic; indeterminate growth; supplier crop guidance counts maturity after transplanting; price is a wholesale Guaranteed Sale Tier 1 unit quote requiring a season-opening order of 150-399 total packets, not a single-packet retail offer"
49215 - Old Virginia,Tomato,Warm season,Crop guidance: Compost-amended soil,"Warm growing conditions; supplier cultivar claim: Supplier reports production during long, hot summers",Crop guidance: About 25.4 mm/week; maintain even moisture,80,Not specified,Southern USA (supplier Southern Planting tag),2.65,"tomato seed; heirloom; certified organic; indeterminate growth; supplier crop guidance counts maturity after transplanting; price is a wholesale Guaranteed Sale Tier 1 unit quote requiring a season-opening order of 150-399 total packets, not a single-packet retail offer"
49236 - Amy's Apricot Mix (Amy's Apricot),Tomato,Warm season,Crop guidance: Compost-amended soil,Warm growing conditions,Crop guidance: About 25.4 mm/week; maintain even moisture,75,Not specified,Southern USA (supplier Southern Planting tag),2.65,"tomato, cherry seed; heirloom; certified organic; indeterminate growth; supplier crop guidance counts maturity after transplanting; price is a wholesale Guaranteed Sale Tier 1 unit quote requiring a season-opening order of 150-399 total packets, not a single-packet retail offer"
49239 - West Virginia 63,Tomato,Warm season,Crop guidance: Compost-amended soil,Warm growing conditions,Crop guidance: About 25.4 mm/week; maintain even moisture,70,"Supplier lists resistance/tolerance to: Fusarium wilt race 1, Late blight, Verticillium wilt; late blight race T-0 resistance and partial race T-1 resistance",Southern USA (supplier Southern Planting tag),2.65,"tomato seed; certified organic; indeterminate growth; Supplier separately lists physiological-disorder tolerance/resistance: sunscald; supplier crop guidance counts maturity after transplanting; price is a wholesale Guaranteed Sale Tier 1 unit quote requiring a season-opening order of 150-399 total packets, not a single-packet retail offer"
49248 - San Marzano,Tomato,Warm season,Crop guidance: Compost-amended soil,Warm growing conditions,Crop guidance: About 25.4 mm/week; maintain even moisture,80,General disease resistance; diseases not identified,Southern USA (supplier Southern Planting tag),2.65,"tomato, paste seed; heirloom; certified organic; indeterminate growth; supplier crop guidance counts maturity after transplanting; price is a wholesale Guaranteed Sale Tier 1 unit quote requiring a season-opening order of 150-399 total packets, not a single-packet retail offer"
49252 - Black Cherry,Tomato,Warm season,Crop guidance: Compost-amended soil,Warm growing conditions,Crop guidance: About 25.4 mm/week; maintain even moisture,55,Not specified,Southern USA (supplier Southern Planting tag),2.65,"tomato, cherry seed; certified organic; indeterminate growth; supplier crop guidance counts maturity after transplanting; price is a wholesale Guaranteed Sale Tier 1 unit quote requiring a season-opening order of 150-399 total packets, not a single-packet retail offer"
49264 - Mountaineer Delight,Tomato,Warm season,Crop guidance: Compost-amended soil,Warm growing conditions,Crop guidance: About 25.4 mm/week; maintain even moisture,77,"Supplier lists resistance/tolerance to: Late blight, Septoria leaf spot, Verticillium wilt; undecoded supplier codes: fw",Southern USA (supplier Southern Planting tag),2.65,"tomato seed; certified organic; indeterminate growth; supplier crop guidance counts maturity after transplanting; price is a wholesale Guaranteed Sale Tier 1 unit quote requiring a season-opening order of 150-399 total packets, not a single-packet retail offer"
49267 - Everglades,Tomato,Warm season,Crop guidance: Compost-amended soil,Warm growing conditions,Crop guidance: About 25.4 mm/week; maintain even moisture,56,General disease resistance; diseases not identified,Southern USA (supplier Southern Planting tag),2.65,"tomato, cherry seed; heirloom; certified organic; indeterminate growth; supplier crop guidance counts maturity after transplanting; price is a wholesale Guaranteed Sale Tier 1 unit quote requiring a season-opening order of 150-399 total packets, not a single-packet retail offer"
49275 - Mannon’s Majesty (West Virginia ’23),Tomato,Warm season,Crop guidance: Compost-amended soil,Warm growing conditions,Crop guidance: About 25.4 mm/week; maintain even moisture,80,Septoria leaf spot resistance,Southern USA (supplier Southern Planting tag),2.65,"tomato seed; certified organic; indeterminate growth; supplier crop guidance counts maturity after transplanting; price is a wholesale Guaranteed Sale Tier 1 unit quote requiring a season-opening order of 150-399 total packets, not a single-packet retail offer; supplier variant was unavailable on 2026-10-05"
49276 - Brad's Atomic Grape,Tomato,Warm season,Crop guidance: Compost-amended soil,Warm growing conditions,Crop guidance: About 25.4 mm/week; maintain even moisture,,General disease resistance; diseases not identified,Not specified,2.65,"tomato, cherry seed; indeterminate growth; supplier crop guidance counts maturity after transplanting; price is a wholesale Guaranteed Sale Tier 1 unit quote requiring a season-opening order of 150-399 total packets, not a single-packet retail offer"
49801 - Sugar Cherry,Tomato,Warm season,Crop guidance: Compost-amended soil,Warm growing conditions,Crop guidance: About 25.4 mm/week; maintain even moisture,76,Not specified,Southern USA (supplier Southern Planting tag),2.65,"tomato, cherry seed; certified organic; indeterminate growth; supplier crop guidance counts maturity after transplanting; price is a wholesale Guaranteed Sale Tier 1 unit quote requiring a season-opening order of 150-399 total packets, not a single-packet retail offer"
49804 - Matt's Wild Cherry,Tomato,Warm season,Crop guidance: Compost-amended soil,Warm growing conditions,Crop guidance: About 25.4 mm/week; maintain even moisture,55,General disease resistance; diseases not identified,Southern USA (supplier Southern Planting tag),2.65,"tomato, cherry seed; heirloom; certified organic; indeterminate growth; supplier crop guidance counts maturity after transplanting; price is a wholesale Guaranteed Sale Tier 1 unit quote requiring a season-opening order of 150-399 total packets, not a single-packet retail offer"
55101 - Crimson Sweet,Watermelon,Warm season,Crop guidance: Well-drained sandy loam,Warm growing conditions,Crop guidance: 25.4-50.8 mm/week; reduce watering as fruit ripens,85,Anthracnose tolerance (races 1 and 3); Fusarium tolerance (races 1 and 2),Southeastern USA (supplier description),2.65,"watermelon seed; certified organic; price is a wholesale Guaranteed Sale Tier 1 unit quote requiring a season-opening order of 150-399 total packets, not a single-packet retail offer"
55103 - Amish Moon And Stars,Watermelon,Warm season,Crop guidance: Well-drained sandy loam,Warm growing conditions,Crop guidance: 25.4-50.8 mm/week; reduce watering as fruit ripens,100,Not specified,Southern USA (supplier Southern Planting tag),2.65,"watermelon seed; heirloom; certified organic; maturity backfilled from an older supplier publication, not stated in the current feed; price is a wholesale Guaranteed Sale Tier 1 unit quote requiring a season-opening order of 150-399 total packets, not a single-packet retail offer"
"55106 - Moon and Stars, Yellow Fleshed",Watermelon,Warm season,Crop guidance: Well-drained sandy loam,Warm growing conditions,Crop guidance: 25.4-50.8 mm/week; reduce watering as fruit ripens,90,Partial general disease tolerance; diseases not identified,Southern USA (supplier Southern Planting tag),2.65,"watermelon seed; heirloom; certified organic; Supplier reports partial drought tolerance; irrigation demand is not quantified for this cultivar; price is a wholesale Guaranteed Sale Tier 1 unit quote requiring a season-opening order of 150-399 total packets, not a single-packet retail offer"
55110 - Strawberry Watermelon,Watermelon,Warm season,Crop guidance: Well-drained sandy loam,Warm growing conditions,Crop guidance: 25.4-50.8 mm/week; reduce watering as fruit ripens,85,General disease resistance; diseases not identified,Southern USA (supplier Southern Planting tag),2.65,"watermelon seed; heirloom; certified organic; price is a wholesale Guaranteed Sale Tier 1 unit quote requiring a season-opening order of 150-399 total packets, not a single-packet retail offer"
55111 - Sugar Baby,Watermelon,Warm season,Crop guidance: Well-drained sandy loam,Warm growing conditions,Crop guidance: 25.4-50.8 mm/week; reduce watering as fruit ripens,77,Not specified,Southern USA (supplier Southern Planting tag),2.65,"watermelon seed; certified organic; Supplier reports performance under drought; irrigation demand is not quantified for this cultivar; price is a wholesale Guaranteed Sale Tier 1 unit quote requiring a season-opening order of 150-399 total packets, not a single-packet retail offer"
55117 - Stone Mountain,Watermelon,Warm season,Crop guidance: Well-drained sandy loam,Warm growing conditions,Crop guidance: 25.4-50.8 mm/week; reduce watering as fruit ripens,95,Not specified,Southern USA (supplier Southern Planting tag),2.65,"watermelon seed; heirloom; certified organic; price is a wholesale Guaranteed Sale Tier 1 unit quote requiring a season-opening order of 150-399 total packets, not a single-packet retail offer"
55123 - Early Moonbeam,Watermelon,Warm season,Crop guidance: Well-drained sandy loam,Warm growing conditions,Crop guidance: 25.4-50.8 mm/week; reduce watering as fruit ripens,76,Not specified,Southern USA (supplier Southern Planting tag),2.65,"watermelon, yellow seed; certified organic; price is a wholesale Guaranteed Sale Tier 1 unit quote requiring a season-opening order of 150-399 total packets, not a single-packet retail offer"
53108 - Table Queen Bush,Winter squash,Warm season,"Crop guidance: Moisture-retaining, well-drained soil; heavier soil tolerated",Warm growing conditions,Crop guidance: At least 25.4 mm/week from rain and irrigation,80,Not specified,Not specified,2.65,"squash, winter (acorn) (c. pepo) seed; certified organic; price is a wholesale Guaranteed Sale Tier 1 unit quote requiring a season-opening order of 150-399 total packets, not a single-packet retail offer"
53110 - Spaghetti Squash,Winter squash,Warm season,"Crop guidance: Moisture-retaining, well-drained soil; heavier soil tolerated",Warm growing conditions,Crop guidance: At least 25.4 mm/week from rain and irrigation,90,Not specified,Not specified,2.65,"squash, winter (c. pepo) seed; heirloom; certified organic; price is a wholesale Guaranteed Sale Tier 1 unit quote requiring a season-opening order of 150-399 total packets, not a single-packet retail offer"
53111 - Thelma Sanders Sweet Potato,Winter squash,Warm season,"Crop guidance: Moisture-retaining, well-drained soil; heavier soil tolerated",Warm growing conditions,Crop guidance: At least 25.4 mm/week from rain and irrigation,96,Not specified,Not specified,2.65,"squash, winter (acorn) (c. pepo) seed; heirloom; certified organic; price is a wholesale Guaranteed Sale Tier 1 unit quote requiring a season-opening order of 150-399 total packets, not a single-packet retail offer"
53117 - Delicata Zeppelin,Winter squash,Warm season,"Crop guidance: Moisture-retaining, well-drained soil; heavier soil tolerated",Warm growing conditions,Crop guidance: At least 25.4 mm/week from rain and irrigation,97,Not specified,Not specified,2.65,"squash, winter (c. pepo) seed; certified organic; price is a wholesale Guaranteed Sale Tier 1 unit quote requiring a season-opening order of 150-399 total packets, not a single-packet retail offer; supplier variant was unavailable on 2026-10-05"
"53301 - Buttercup, Burgess",Winter squash,Warm season,"Crop guidance: Moisture-retaining, well-drained soil; heavier soil tolerated",Warm growing conditions,Crop guidance: At least 25.4 mm/week from rain and irrigation,100,Not specified,Not specified,2.65,"squash, winter (c. maxima) seed; certified organic; price is a wholesale Guaranteed Sale Tier 1 unit quote requiring a season-opening order of 150-399 total packets, not a single-packet retail offer"
53304 - North Georgia Candy Roaster,Winter squash,Warm season,"Crop guidance: Moisture-retaining, well-drained soil; heavier soil tolerated",Warm growing conditions,Crop guidance: At least 25.4 mm/week from rain and irrigation,100,Not specified,Not specified,2.65,"squash, winter (c. maxima) seed; heirloom; certified organic; price is a wholesale Guaranteed Sale Tier 1 unit quote requiring a season-opening order of 150-399 total packets, not a single-packet retail offer"
53501 - Green-Striped Cushaw,Winter squash,Warm season,"Crop guidance: Moisture-retaining, well-drained soil; heavier soil tolerated",Warm growing conditions,Crop guidance: At least 25.4 mm/week from rain and irrigation,110,Downy mildew resistance,Southern USA (supplier Southern Planting tag),2.65,"squash, winter (c. argyrosperma) seed; heirloom; certified organic; price is a wholesale Guaranteed Sale Tier 1 unit quote requiring a season-opening order of 150-399 total packets, not a single-packet retail offer"
53601 - Waltham Butternut,Winter squash,Warm season,"Crop guidance: Moisture-retaining, well-drained soil; heavier soil tolerated",Warm growing conditions,Crop guidance: At least 25.4 mm/week from rain and irrigation,95,Not specified,Southern USA (supplier Southern Planting tag),2.65,"squash, winter (c. moschata) seed; certified organic; price is a wholesale Guaranteed Sale Tier 1 unit quote requiring a season-opening order of 150-399 total packets, not a single-packet retail offer"
53621 - South Anna Butternut Winter Squash,Winter squash,Warm season,"Crop guidance: Moisture-retaining, well-drained soil; heavier soil tolerated",Warm growing conditions,Crop guidance: At least 25.4 mm/week from rain and irrigation,100,Downy mildew resistance,Southern USA (supplier Southern Planting tag),2.65,"squash, winter (c. moschata) seed; certified organic; price is a wholesale Guaranteed Sale Tier 1 unit quote requiring a season-opening order of 150-399 total packets, not a single-packet retail offer; supplier variant was unavailable on 2026-10-05"
